"","word","n"
"1","jazz",454
"2","en",238
"3","american",204
"4","music",185
"5","album",156
"6","born",147
"7","band",102
"8","composer",93
"9","albums",91
"10","rock",79
"11","career",73
"12","released",73
"13","musicians",70
"14","time",70
"15","award",67
"16","including",66
"17","awards",64
"18","grammy",64
"19","played",63
"20","blues",60
"21","singer",60
"22","drummer",59
"23","pianist",59
"24","saxophonist",59
"25","recorded",56
"26","records",51
"27","john",50
"28","musician",43
"29","performed",43
"30","jones",42
"31","fame",41
"32","solo",40
"33","hall",39
"34","marsalis",39
"35","playing",39
"36","received",39
"37","bassist",37
"38","record",36
"39","songwriter",36
"40","charles",35
"41","trumpeter",35
"42","1960s",34
"43","davis",34
"44","orchestra",34
"45","song",34
"46","york",34
"47","artists",33
"48","march",33
"49","october",33
"50","songs",33
"51","top",33
"52","bandleader",32
"53","guitarist",32
"54","late",32
"55","pop",32
"56","won",32
"57","blood",31
"58","bop",31
"59","december",31
"60","1970s",30
"61","artist",30
"62","led",30
"63","jr",29
"64","university",29
"65","april",28
"66","hard",28
"67","hit",28
"68","producer",28
"69","recording",28
"70","recordings",27
"71","september",27
"72","style",27
"73","10",26
"74","100",26
"75","august",26
"76","educator",26
"77","film",26
"78","miles",26
"79","player",26
"80","world",26
"81","1980s",25
"82","june",25
"83","million",25
"84","age",24
"85","billboard",24
"86","guitar",24
"87","inducted",24
"88","musical",24
"89","piano",24
"90","soul",24
"91","stone",24
"92","success",24
"93","tenor",24
"94","11",23
"95","2007",23
"96","blue",23
"97","called",23
"98","compositions",23
"99","formed",23
"100","january",23
"101","2",22
"102","art",22
"103","roll",22
"104","rolling",22
"105","sound",22
"106","studio",22
"107","chart",21
"108","february",21
"109","festival",21
"110","july",21
"111","leader",21
"112","november",21
"113","wynton",21
"114","15",20
"115","2009",20
"116","city",20
"117","joe",20
"118","saxophone",20
"119","sold",20
"120","2016",19
"121","30",19
"122","arranger",19
"123","bebop",19
"124","country",19
"125","debut",19
"126","director",19
"127","gillespie",19
"128","hits",19
"129","love",19
"130","mayer",19
"131","monk",19
"132","nelson",19
"133","nominated",19
"134","performing",19
"135","robert",19
"136","school",19
"137","tour",19
"138","1",18
"139","2013",18
"140","4",18
"141","academy",18
"142","bands",18
"143","considered",18
"144","history",18
"145","moved",18
"146","quartet",18
"147","successful",18
"148","times",18
"149","trumpet",18
"150","worldwide",18
"151","2008",17
"152","2011",17
"153","bass",17
"154","british",17
"155","continued",17
"156","dizzy",17
"157","fusion",17
"158","hip",17
"159","hop",17
"160","influential",17
"161","jackson",17
"162","king",17
"163","life",17
"164","list",17
"165","major",17
"166","modern",17
"167","trio",17
"168","1950s",16
"169","1965",16
"170","1993",16
"171","1994",16
"172","1997",16
"173","1998",16
"174","20",16
"175","2006",16
"176","2012",16
"177","brown",16
"178","college",16
"179","death",16
"180","ellington",16
"181","hancock",16
"182","live",16
"183","note",16
"184","play",16
"185","rhythm",16
"186","singles",16
"187","united",16
"188","wrote",16
"189","1975",15
"190","1995",15
"191","2005",15
"192","2014",15
"193","2017",15
"194","28",15
"195","african",15
"196","blakey",15
"197","center",15
"198","double",15
"199","george",15
"200","include",15
"201","influenced",15
"202","joined",15
"203","performance",15
"204","period",15
"205","ranked",15
"206","ray",15
"207","release",15
"208","selling",15
"209","single",15
"210","winning",15
"211","18",14
"212","1962",14
"213","2000",14
"214","2004",14
"215","2019",14
"216","5",14
"217","charlie",14
"218","clapton",14
"219","coltrane",14
"220","eric",14
"221","funk",14
"222","herbie",14
"223","jimmy",14
"224","messengers",14
"225","original",14
"226","prize",14
"227","series",14
"228","stage",14
"229","uk",14
"230","16",13
"231","1960",13
"232","1964",13
"233","1966",13
"234","1974",13
"235","1991",13
"236","2015",13
"237","25",13
"238","ali",13
"239","berklee",13
"240","critics",13
"241","featuring",13
"242","james",13
"243","leading",13
"244","left",13
"245","mid",13
"246","quintet",13
"247","sideman",13
"248","television",13
"249","13",12
"250","14",12
"251","1963",12
"252","1967",12
"253","1972",12
"254","1973",12
"255","1977",12
"256","1979",12
"257","1992",12
"258","2002",12
"259","2003",12
"260","2010",12
"261","2018",12
"262","2020",12
"263","22",12
"264","6",12
"265","9",12
"266","awarded",12
"267","bill",12
"268","cells",12
"269","clayton",12
"270","commercial",12
"271","d'angelo",12
"272","died",12
"273","dylan",12
"274","label",12
"275","lifetime",12
"276","paul",12
"277","post",12
"278","silver",12
"279","songwriters",12
"280","thelonious",12
"281","touring",12
"282","williams",12
"283","writing",12
"284","é",12
"285","17",11
"286","1961",11
"287","1969",11
"288","1982",11
"289","1986",11
"290","1990s",11
"291","200",11
"292","2021",11
"293","23",11
"294","24",11
"295","29",11
"296","40",11
"297","appeared",11
"298","billy",11
"299","blige",11
"300","brother",11
"301","brothers",11
"302","carter",11
"303","collaborated",11
"304","composed",11
"305","drums",11
"306","duke",11
"307","english",11
"308","era",11
"309","helped",11
"310","inch",11
"311","included",11
"312","jeff",11
"313","los",11
"314","mingus",11
"315","moore",11
"316","multi",11
"317","nails",11
"318","named",11
"319","numerous",11
"320","oscar",11
"321","popular",11
"322","professor",11
"323","prominence",11
"324","red",11
"325","roy",11
"326","served",11
"327","spalding",11
"328","standards",11
"329","started",11
"330","toured",11
"331","vocal",11
"332","1957",10
"333","1990",10
"334","1996",10
"335","26",10
"336","angeles",10
"337","arts",10
"338","bee",10
"339","benny",10
"340","body",10
"341","family",10
"342","gees",10
"343","green",10
"344","hot",10
"345","institute",10
"346","instrumental",10
"347","international",10
"348","magazine",10
"349","marcus",10
"350","michael",10
"351","nominations",10
"352","parker",10
"353","radio",10
"354","short",10
"355","styles",10
"356","12",9
"357","19",9
"358","1932",9
"359","1958",9
"360","1968",9
"361","1987",9
"362","1989",9
"363","1999",9
"364","3",9
"365","8",9
"366","achievement",9
"367","addition",9
"368","alto",9
"369","based",9
"370","beck",9
"371","blakey's",9
"372","branford",9
"373","charts",9
"374","combined",9
"375","composers",9
"376","composition",9
"377","concert",9
"378","critic",9
"379","critical",9
"380","detroit",9
"381","donald",9
"382","dulfer",9
"383","eagles",9
"384","electric",9
"385","featured",9
"386","figure",9
"387","fourth",9
"388","frank",9
"389","freddie",9
"390","genre",9
"391","genres",9
"392","guitarists",9
"393","harry",9
"394","henderson",9
"395","influence",9
"396","johnny",9
"397","lee",9
"398","lincoln",9
"399","lyrics",9
"400","morgan",9
"401","national",9
"402","players",9
"403","produced",9
"404","professionally",9
"405","public",9
"406","saadiq",9
"407","shakur",9
"408","signed",9
"409","taylor",9
"410","terry",9
"411","virtuoso",9
"412","vocalist",9
"413","ا",9
"414","1934",8
"415","1970",8
"416","1985",8
"417","2001",8
"418","20th",8
"419","21",8
"420","27",8
"421","acclaim",8
"422","alongside",8
"423","annual",8
"424","anthony",8
"425","artistic",8
"426","beginning",8
"427","black",8
"428","bob",8
"429","browne",8
"430","california",8
"431","century",8
"432","chicago",8
"433","child",8
"434","clark",8
"435","classical",8
"436","competition",8
"437","connick",8
"438","contemporary",8
"439","dave",8
"440","decades",8
"441","due",8
"442","earned",8
"443","edward",8
"444","folk",8
"445","gary",8
"446","hampton",8
"447","instruments",8
"448","johnson",8
"449","kenny",8
"450","lead",8
"451","lewis",8
"452","magazine's",8
"453","mainstream",8
"454","male",8
"455","night",8
"456","percussionist",8
"457","performances",8
"458","primary",8
"459","program",8
"460","prominent",8
"461","quincy",8
"462","raised",8
"463","range",8
"464","regarded",8
"465","shorter",8
"466","sonny",8
"467","stan",8
"468","stones",8
"469","studies",8
"470","tonight",8
"471","tours",8
"472","traditional",8
"473","voodoo",8
"474","washington",8
"475","widely",8
"476","1955",7
"477","1956",7
"478","1959",7
"479","1971",7
"480","1976",7
"481","1978",7
"482","1984",7
"483","1988",7
"484","31",7
"485","achieved",7
"486","active",7
"487","actor",7
"488","appearing",7
"489","attended",7
"490","avant",7
"491","barry",7
"492","betty",7
"493","board",7
"494","book",7
"495","byrd",7
"496","category",7
"497","complex",7
"498","contributions",7
"499","davis's",7
"500","dead",7
"501","developed",7
"502","dr",7
"503","electronic",7
"504","extensively",7
"505","father",7
"506","founded",7
"507","frequently",7
"508","garde",7
"509","getz",7
"510","griffin",7
"511","haden",7
"512","hank",7
"513","hargrove",7
"514","harris",7
"515","heart",7
"516","horn",7
"517","hubbard",7
"518","inspired",7
"519","instrument",7
"520","jackie",7
"521","jarrett",7
"522","keith",7
"523","keyboardist",7
"524","latin",7
"525","lionel",7
"526","living",7
"527","louis",7
"528","mclean",7
"529","noted",7
"530","plays",7
"531","poll",7
"532","powell",7
"533","power",7
"534","reached",7
"535","releases",7
"536","scores",7
"537","session",7
"538","signature",7
"539","son",7
"540","sounds",7
"541","stone's",7
"542","ten",7
"543","texas",7
"544","trombonist",7
"545","west",7
"546","white",7
"547","william",7
"548","willie",7
"549","1935",6
"550","1949",6
"551","1950",6
"552","7",6
"553","acclaimed",6
"554","act",6
"555","america",6
"556","anderson",6
"557","appearance",6
"558","attention",6
"559","ben",6
"560","brit",6
"561","butman",6
"562","canadian",6
"563","collaboration",6
"564","concept",6
"565","consecutive",6
"566","contributed",6
"567","contribution",6
"568","david",6
"569","decade",6
"570","dee",6
"571","don",6
"572","dutch",6
"573","earning",6
"574","elvin",6
"575","emmy",6
"576","ensemble",6
"577","fellow",6
"578","films",6
"579","form",6
"580","founding",6
"581","free",6
"582","gained",6
"583","golden",6
"584","gordon",6
"585","gospel",6
"586","hans",6
"587","harmonic",6
"588","harmony",6
"589","heavy",6
"590","henley",6
"591","honorary",6
"592","horace",6
"593","house",6
"594","illinois",6
"595","includes",6
"596","instrumentalist",6
"597","jay",6
"598","jordan",6
"599","kennedy",6
"600","leaving",6
"601","legacy",6
"602","lloyd",6
"603","main",6
"604","master",6
"605","max",6
"606","mind",6
"607","morrison",6
"608","nash",6
"609","nashville",6
"610","occasional",6
"611","orleans",6
"612","outstanding",6
"613","oxygen",6
"614","people",6
"615","peterson",6
"616","platinum",6
"617","recognition",6
"618","return",6
"619","returned",6
"620","reznor",6
"621","rich",6
"622","roach",6
"623","role",6
"624","rollins",6
"625","sandoval",6
"626","scott",6
"627","shaw",6
"628","soprano",6
"629","south",6
"630","spanish",6
"631","stanley",6
"632","steve",6
"633","stevie",6
"634","sting",6
"635","stooges",6
"636","talent",6
"637","taught",6
"638","teacher",6
"639","tennessee",6
"640","thomas",6
"641","titled",6
"642","tony",6
"643","trumpeters",6
"644","u.s",6
"645","variety",6
"646","video",6
"647","voice",6
"648","wide",6
"649","wilson",6
"650","women",6
"651","woody",6
"652","written",6
"653","1930",5
"654","1931",5
"655","1936",5
"656","1938",5
"657","1940s",5
"658","1941",5
"659","1944",5
"660","1951",5
"661","1980",5
"662","1981",5
"663","60",5
"664","ability",5
"665","acoustic",5
"666","activist",5
"667","adderley",5
"668","al",5
"669","alford",5
"670","andrew",5
"671","approach",5
"672","arturo",5
"673","ashcroft",5
"674","blanchard",5
"675","bowie",5
"676","brecker",5
"677","broke",5
"678","clarinetist",5
"679","clifford",5
"680","coast",5
"681","collaborator",5
"682","collective",5
"683","columbia",5
"684","concerts",5
"685","contributing",5
"686","copies",5
"687","corea",5
"688","credited",5
"689","culture",5
"690","dance",5
"691","development",5
"692","elements",5
"693","elew",5
"694","ellis",5
"695","eubanks",5
"696","evans",5
"697","eventually",5
"698","florida",5
"699","foster",5
"700","found",5
"701","frequent",5
"702","gerald",5
"703","globe",5
"704","golson",5
"705","grew",5
"706","guy",5
"707","harmonies",5
"708","harper",5
"709","heath",5
"710","henry",5
"711","herman",5
"712","hill",5
"713","home",5
"714","hugh",5
"715","husband",5
"716","influences",5
"717","inside",5
"718","introducing",5
"719","ivor",5
"720","key",5
"721","kravitz",5
"722","lived",5
"723","manhattan",5
"724","mary",5
"725","nations",5
"726","native",5
"727","nbc",5
"728","novello",5
"729","opera",5
"730","organ",5
"731","organist",5
"732","palladino",5
"733","pat",5
"734","performer",5
"735","performs",5
"736","personal",5
"737","peter",5
"738","pioneer",5
"739","plasma",5
"740","police",5
"741","popularity",5
"742","primarily",5
"743","professional",5
"744","punk",5
"745","recent",5
"746","recipient",5
"747","recognized",5
"748","referred",5
"749","reggae",5
"750","richard",5
"751","roberts",5
"752","robin",5
"753","rogers",5
"754","roots",5
"755","rose",5
"756","row",5
"757","russian",5
"758","sanders",5
"759","scofield",5
"760","selected",5
"761","sessions",5
"762","singers",5
"763","smith",5
"764","society",5
"765","st",5
"766","standard",5
"767","star",5
"768","stewart",5
"769","strickland",5
"770","student",5
"771","study",5
"772","system",5
"773","tommy",5
"774","turrentine",5
"775","tyner",5
"776","version",5
"777","wayne",5
"778","wes",5
"779","win",5
"780","winner",5
"781","world's",5
"782","writer",5
"783","yardbirds",5
"784","ɪ",5
"785","ر",5
"786","1922",4
"787","1923",4
"788","1929",4
"789","1930s",4
"790","1937",4
"791","1940",4
"792","1942",4
"793","1943",4
"794","1945",4
"795","1954",4
"796","1983",4
"797","2000s",4
"798","50",4
"799","abstract",4
"800","actress",4
"801","albert",4
"802","appointed",4
"803","aspen",4
"804","australia",4
"805","australian",4
"806","authors",4
"807","baltimore",4
"808","band's",4
"809","beat",4
"810","benson",4
"811","bley",4
"812","briefly",4
"813","bud",4
"814","buddy",4
"815","candy",4
"816","cbe",4
"817","cedar",4
"818","change",4
"819","charity",4
"820","christian",4
"821","classic",4
"822","collaborating",4
"823","commercially",4
"824","company",4
"825","consisting",4
"826","cool",4
"827","cotton",4
"828","covers",4
"829","creating",4
"830","creative",4
"831","crossover",4
"832","direction",4
"833","disc",4
"834","distinctive",4
"835","doctorate",4
"836","downbeat",4
"837","drug",4
"838","earl",4
"839","eddie",4
"840","emerging",4
"841","ensembles",4
"842","europe",4
"843","experimented",4
"844","extended",4
"845","extensive",4
"846","female",4
"847","festivals",4
"848","figures",4
"849","fluid",4
"850","flute",4
"851","freedom",4
"852","friends",4
"853","game",4
"854","gelispie",4
"855","ghosts",4
"856","goines",4
"857","green's",4
"858","hand",4
"859","harmonica",4
"860","hemoglobin",4
"861","herb",4
"862","herrera",4
"863","honor",4
"864","honors",4
"865","humphries",4
"866","igor",4
"867","ii",4
"868","iii",4
"869","improvisations",4
"870","impulse",4
"871","initially",4
"872","inspiration",4
"873","internationally",4
"874","introduced",4
"875","involved",4
"876","jack",4
"877","japanese",4
"878","jon",4
"879","joseph",4
"880","joss",4
"881","joy",4
"882","kevin",4
"883","labels",4
"884","largest",4
"885","lateef",4
"886","leonard",4
"887","line",4
"888","lives",4
"889","local",4
"890","lou",4
"891","maricle",4
"892","marsalis's",4
"893","martin",4
"894","mccoy",4
"895","medal",4
"896","memphis",4
"897","met",4
"898","metheny",4
"899","michigan",4
"900","midnight",4
"901","mighty",4
"902","minor",4
"903","mississippi",4
"904","mobley",4
"905","montgomery",4
"906","months",4
"907","movement",4
"908","nat",4
"909","neo",4
"910","newport",4
"911","nomination",4
"912","numan",4
"913","oliver",4
"914","orchestral",4
"915","peace",4
"916","peaking",4
"917","percussion",4
"918","perform",4
"919","pianists",4
"920","piece",4
"921","pieces",4
"922","pino",4
"923","poetic",4
"924","polar",4
"925","pop's",4
"926","positive",4
"927","praise",4
"928","prestigious",4
"929","producing",4
"930","profile",4
"931","project",4
"932","prolific",4
"933","pulitzer",4
"934","pullen",4
"935","raitt",4
"936","randy",4
"937","ranging",4
"938","rare",4
"939","reach",4
"940","remembered",4
"941","retirement",4
"942","reuben",4
"943","richards",4
"944","riley",4
"945","rockjazz",4
"946","ron",4
"947","russell",4
"948","sales",4
"949","san",4
"950","sang",4
"951","shakur's",4
"952","shortly",4
"953","social",4
"954","soloist",4
"955","soundtrack",4
"956","spanned",4
"957","split",4
"958","starring",4
"959","stars",4
"960","status",4
"961","stroke",4
"962","studied",4
"963","summer",4
"964","supporting",4
"965","synthesizers",4
"966","teaching",4
"967","thielemans",4
"968","timmons",4
"969","tracks",4
"970","verve",4
"971","vh1",4
"972","vol",4
"973","walton",4
"974","watts",4
"975","weeks",4
"976","western",4
"977","woman",4
"978","и",4
"979","о",4
"980","ت",4
"981","ز",4
"982","1924",3
"983","1925",3
"984","1928",3
"985","1933",3
"986","1947",3
"987","1948",3
"988","411",3
"989","aaron",3
"990","abdul",3
"991","academic",3
"992","acting",3
"993","adams",3
"994","addiction",3
"995","advisory",3
"996","afro",3
"997","aged",3
"998","allen",3
"999","alternative",3
"1000","ambassador",3
"1001","angie",3
"1002","animals",3
"1003","appearances",3
"1004","association",3
"1005","atlantic",3
"1006","audiences",3
"1007","baker",3
"1008","basie",3
"1009","bay",3
"1010","birth",3
"1011","bonnie",3
"1012","books",3
"1013","brazilian",3
"1014","breakthrough",3
"1015","bridgewater",3
"1016","brought",3
"1017","burton",3
"1018","business",3
"1019","calls",3
"1020","carbon",3
"1021","carrington",3
"1022","certified",3
"1023","chair",3
"1024","chambers",3
"1025","chick",3
"1026","christmas",3
"1027","cited",3
"1028","clarinet",3
"1029","clarke",3
"1030","club",3
"1031","cm",3
"1032","cole",3
"1033","coleman",3
"1034","collaborations",3
"1035","coltrane's",3
"1036","comeback",3
"1037","compilation",3
"1038","composing",3
"1039","comprising",3
"1040","conductor",3
"1041","connecticut",3
"1042","considerable",3
"1043","contained",3
"1044","contemporaries",3
"1045","contract",3
"1046","control",3
"1047","count",3
"1048","cover",3
"1049","cranshaw",3
"1050","cream",3
"1051","critically",3
"1052","cross",3
"1053","cuban",3
"1054","danish",3
"1055","day",3
"1056","degree",3
"1057","designer",3
"1058","diana",3
"1059","dianne",3
"1060","dioxide",3
"1061","disco",3
"1062","diva",3
"1063","dolphin",3
"1064","donaldson",3
"1065","dorham",3
"1066","drew",3
"1067","drive",3
"1068","duo",3
"1069","dwayne",3
"1070","earlier",3
"1071","earliest",3
"1072","east",3
"1073","effects",3
"1074","enjoyed",3
"1075","entertainment",3
"1076","erica",3
"1077","explored",3
"1078","exploring",3
"1079","eyes",3
"1080","farmer",3
"1081","fast",3
"1082","fats",3
"1083","fields",3
"1084","flanagan",3
"1085","flautist",3
"1086","flugelhorn",3
"1087","force",3
"1088","formation",3
"1089","foundation",3
"1090","fourteen",3
"1091","francisco",3
"1092","friend",3
"1093","frontman",3
"1094","garnered",3
"1095","gene",3
"1096","genius",3
"1097","gifted",3
"1098","girls",3
"1099","goldberg",3
"1100","goodman",3
"1101","grade",3
"1102","graduated",3
"1103","graduating",3
"1104","grant",3
"1105","group's",3
"1106","guest",3
"1107","hamilton",3
"1108","hancock's",3
"1109","harland",3
"1110","head",3
"1111","health",3
"1112","heaven",3
"1113","heavily",3
"1114","held",3
"1115","hemolymph",3
"1116","hiatus",3
"1117","highly",3
"1118","hines",3
"1119","host",3
"1120","hosted",3
"1121","houston",3
"1122","idioms",3
"1123","import",3
"1124","improvisational",3
"1125","independent",3
"1126","induction",3
"1127","industry",3
"1128","instructor",3
"1129","introspective",3
"1130","irish",3
"1131","jaco",3
"1132","jason",3
"1133","jean",3
"1134","jockey",3
"1135","juilliard",3
"1136","julian",3
"1137","justice",3
"1138","ken",3
"1139","keyboard",3
"1140","kleist",3
"1141","lateef's",3
"1142","launched",3
"1143","leno",3
"1144","level",3
"1145","lo",3
"1146","locally",3
"1147","london",3
"1148","machine",3
"1149","marijuana",3
"1150","marked",3
"1151","masekela",3
"1152","material",3
"1153","media",3
"1154","melodic",3
"1155","melodies",3
"1156","mentor",3
"1157","metal",3
"1158","miami",3
"1159","miller",3
"1160","mitchell",3
"1161","muhammad",3
"1162","multiple",3
"1163","nancy",3
"1164","natalie",3
"1165","navarro",3
"1166","nelson's",3
"1167","north",3
"1168","notably",3
"1169","official",3
"1170","ohio",3
"1171","oregon",3
"1172","outlaw",3
"1173","partnership",3
"1174","pastorius",3
"1175","peaked",3
"1176","pennsylvania",3
"1177","pepper",3
"1178","phil",3
"1179","pioneered",3
"1180","pittsburgh",3
"1181","political",3
"1182","popularized",3
"1183","portland",3
"1184","praised",3
"1185","preferred",3
"1186","presenter",3
"1187","previously",3
"1188","prez",3
"1189","prince",3
"1190","product",3
"1191","prolifically",3
"1192","psychedelic",3
"1193","published",3
"1194","quest",3
"1195","rap",3
"1196","raphael",3
"1197","rapper",3
"1198","raw",3
"1199","redman",3
"1200","reed",3
"1201","reeves",3
"1202","related",3
"1203","releasing",3
"1204","remained",3
"1205","remains",3
"1206","remix",3
"1207","resulting",3
"1208","retired",3
"1209","revis",3
"1210","riaa",3
"1211","river",3
"1212","road",3
"1213","rodney",3
"1214","ross",3
"1215","round",3
"1216","rucker",3
"1217","running",3
"1218","sandke",3
"1219","saturday",3
"1220","season",3
"1221","section",3
"1222","sellers",3
"1223","septet",3
"1224","serves",3
"1225","setting",3
"1226","shot",3
"1227","significant",3
"1228","sixth",3
"1229","skills",3
"1230","solos",3
"1231","songwriting",3
"1232","soulful",3
"1233","soultronics",3
"1234","southern",3
"1235","spain",3
"1236","spanning",3
"1237","spawned",3
"1238","special",3
"1239","spend",3
"1240","spent",3
"1241","spring",3
"1242","stadium",3
"1243","stay",3
"1244","stephens",3
"1245","story",3
"1246","strings",3
"1247","studying",3
"1248","subsequent",3
"1249","subtle",3
"1250","sun",3
"1251","swing",3
"1252","switched",3
"1253","tears",3
"1254","terence",3
"1255","theme",3
"1256","themes",3
"1257","theory",3
"1258","tim",3
"1259","tone",3
"1260","true",3
"1261","tv",3
"1262","twelve",3
"1263","twi",3
"1264","underrated",3
"1265","valley",3
"1266","vaughan",3
"1267","village",3
"1268","visual",3
"1269","vocals",3
"1270","von",3
"1271","warren",3
"1272","wave",3
"1273","whitaker",3
"1274","widespread",3
"1275","wife",3
"1276","willis",3
"1277","wind",3
"1278","wins",3
"1279","write",3
"1280","wycliffe",3
"1281","youth",3
"1282","н",3
"1283","ب",3
"1284","ج",3
"1285","ó",3
"1286","150",2
"1287","1913",2
"1288","1917",2
"1289","1920",2
"1290","1920s",2
"1291","1927",2
"1292","1946",2
"1293","1952",2
"1294","1953",2
"1295","1st",2
"1296","44",2
"1297","500",2
"1298","50s",2
"1299","52",2
"1300","70",2
"1301","75",2
"1302","80",2
"1303","80th",2
"1304","89",2
"1305","abc",2
"1306","abercrombie",2
"1307","academy's",2
"1308","accident",2
"1309","accolades",2
"1310","accompanist",2
"1311","achieving",2
"1312","activism",2
"1313","activity",2
"1314","acts",2
"1315","adderley's",2
"1316","adding",2
"1317","addy",2
"1318","adler",2
"1319","adopted",2
"1320","aesthetic",2
"1321","aggressive",2
"1322","agreed",2
"1323","aid",2
"1324","air",2
"1325","akinmusire",2
"1326","alabama",2
"1327","alex",2
"1328","alice",2
"1329","alienating",2
"1330","alison",2
"1331","alma",2
"1332","ambrose",2
"1333","america's",2
"1334","amplified",2
"1335","amsterdam",2
"1336","andy",2
"1337","anne",2
"1338","anti",2
"1339","appeal",2
"1340","arden",2
"1341","aretha",2
"1342","armstrong",2
"1343","army",2
"1344","arnold",2
"1345","arrangements",2
"1346","arrangers",2
"1347","array",2
"1348","arthur",2
"1349","artserv",2
"1350","ascap",2
"1351","assembly",2
"1352","assets",2
"1353","atlanta",2
"1354","attack",2
"1355","audio",2
"1356","auditorio",2
"1357","austin",2
"1358","author",2
"1359","authored",2
"1360","autobiography",2
"1361","avenue",2
"1362","b.b",2
"1363","bad",2
"1364","badu",2
"1365","ballad",2
"1366","ballads",2
"1367","barnet",2
"1368","barrett",2
"1369","barron",2
"1370","battle",2
"1371","beacons",2
"1372","beatles",2
"1373","begun",2
"1374","bell",2
"1375","benjamin",2
"1376","bernstein",2
"1377","bienen",2
"1378","biodiesel",2
"1379","blanton",2
"1380","bleed",2
"1381","blind",2
"1382","blockbuster",2
"1383","blonde",2
"1384","blowin",2
"1385","bluesy",2
"1386","bo",2
"1387","bones",2
"1388","boston",2
"1389","bowl",2
"1390","boys",2
"1391","break",2
"1392","breaking",2
"1393","breath",2
"1394","brian",2
"1395","bring",2
"1396","broken",2
"1397","brooklyn",2
"1398","brookmeyer",2
"1399","brooks",2
"1400","brubeck",2
"1401","bruce",2
"1402","caine",2
"1403","calderazzo",2
"1404","cam",2
"1405","campbell",2
"1406","cannonball",2
"1407","carla",2
"1408","carnegie",2
"1409","carolina",2
"1410","carries",2
"1411","carson",2
"1412","celebrated",2
"1413","cellist",2
"1414","cha",2
"1415","chairman",2
"1416","chamber",2
"1417","champion",2
"1418","changin",2
"1419","charged",2
"1420","charting",2
"1421","cherney",2
"1422","childhood",2
"1423","choreographer",2
"1424","chris",2
"1425","christgau",2
"1426","chuck",2
"1427","citation",2
"1428","citizen",2
"1429","claimed",2
"1430","clay",2
"1431","cleveland",2
"1432","closed",2
"1433","clouds",2
"1434","clubs",2
"1435","collaborative",2
"1436","collection",2
"1437","collegiate",2
"1438","combination",2
"1439","common",2
"1440","community",2
"1441","comprised",2
"1442","concentrate",2
"1443","conducted",2
"1444","confrontational",2
"1445","connick's",2
"1446","conservatory",2
"1447","consistent",2
"1448","consistently",2
"1449","continuum",2
"1450","contrast",2
"1451","controversial",2
"1452","conventions",2
"1453","copycat",2
"1454","cornetist",2
"1455","counterculture",2
"1456","cq",2
"1457","crazy",2
"1458","crossroads",2
"1459","crowd",2
"1460","cuba",2
"1461","curtis",2
"1462","d'angelo's",2
"1463","d.c",2
"1464","dark",2
"1465","date",2
"1466","days",2
"1467","de",2
"1468","dear",2
"1469","debt",2
"1470","dedicated",2
"1471","dejohnette",2
"1472","demonstrated",2
"1473","departure",2
"1474","depression",2
"1475","des",2
"1476","designated",2
"1477","developing",2
"1478","di",2
"1479","difficult",2
"1480","dilla",2
"1481","dinah",2
"1482","directed",2
"1483","dirty",2
"1484","disbanded",2
"1485","dissonant",2
"1486","division",2
"1487","dizzy's",2
"1488","dj",2
"1489","django",2
"1490","dorham's",2
"1491","douglas",2
"1492","dozen",2
"1493","drama",2
"1494","draw",2
"1495","dropped",2
"1496","drum",2
"1497","drummers",2
"1498","drumming",2
"1499","dylan's",2
"1500","eastern",2
"1501","education",2
"1502","eigsti",2
"1503","electrically",2
"1504","eligibility",2
"1505","elizabeth",2
"1506","ellington's",2
"1507","elvis",2
"1508","embarked",2
"1509","employing",2
"1510","empty",2
"1511","encouraged",2
"1512","endowment",2
"1513","enduring",2
"1514","engineer",2
"1515","england",2
"1516","entered",2
"1517","entitled",2
"1518","environmental",2
"1519","erykah",2
"1520","esperanza",2
"1521","esquire",2
"1522","established",2
"1523","establishing",2
"1524","estimated",2
"1525","exclusively",2
"1526","expanded",2
"1527","factor",2
"1528","faculty",2
"1529","faddis",2
"1530","fall",2
"1531","famous",2
"1532","fana",2
"1533","fans",2
"1534","fantasy",2
"1535","favorite",2
"1536","feather",2
"1537","features",2
"1538","fela",2
"1539","ferguson",2
"1540","feud",2
"1541","fever",2
"1542","final",2
"1543","flugelhornist",2
"1544","focus",2
"1545","follow",2
"1546","forefront",2
"1547","foremost",2
"1548","forever",2
"1549","format",2
"1550","formative",2
"1551","forming",2
"1552","founder",2
"1553","founders",2
"1554","franklin",2
"1555","fred",2
"1556","friendship",2
"1557","fuller",2
"1558","funky",2
"1559","gaining",2
"1560","games",2
"1561","gangsta",2
"1562","garrett",2
"1563","gender",2
"1564","genre's",2
"1565","german",2
"1566","ghanaian",2
"1567","ghost",2
"1568","giant",2
"1569","gibb",2
"1570","gibson",2
"1571","gil",2
"1572","gillespie's",2
"1573","girl",2
"1574","giuffre",2
"1575","gold",2
"1576","gonna",2
"1577","goodman's",2
"1578","grace",2
"1579","graeme",2
"1580","grand",2
"1581","grateful",2
"1582","greatly",2
"1583","grey",2
"1584","gris",2
"1585","gritty",2
"1586","groban",2
"1587","grover",2
"1588","growing",2
"1589","half",2
"1590","hammond",2
"1591","harlem",2
"1592","haynes",2
"1593","headed",2
"1594","headquarters",2
"1595","heard",2
"1596","heavier",2
"1597","helen",2
"1598","herbert",2
"1599","hinton",2
"1600","hodges",2
"1601","holiday",2
"1602","hollywood",2
"1603","holy",2
"1604","honky",2
"1605","honored",2
"1606","honoring",2
"1607","hotel",2
"1608","howard",2
"1609","huge",2
"1610","hungarian",2
"1611","hutcherson",2
"1612","hyman",2
"1613","idea",2
"1614","idiom",2
"1615","idiot",2
"1616","idol",2
"1617","image",2
"1618","immune",2
"1619","impact",2
"1620","improvisation",2
"1621","improviser",2
"1622","incorporated",2
"1623","incorporates",2
"1624","independently",2
"1625","industrial",2
"1626","innovations",2
"1627","innovative",2
"1628","insects",2
"1629","instrumentation",2
"1630","interpretations",2
"1631","interscope",2
"1632","invasion",2
"1633","involvement",2
"1634","irs",2
"1635","island",2
"1636","issues",2
"1637","jackson's",2
"1638","jacquet",2
"1639","jagger",2
"1640","jann",2
"1641","japan",2
"1642","javon",2
"1643","jazz's",2
"1644","jazztet",2
"1645","jennings",2
"1646","jerry",2
"1647","joel",2
"1648","john's",2
"1649","join",2
"1650","joni",2
"1651","joshua",2
"1652","judge",2
"1653","justin",2
"1654","kautz",2
"1655","keb",2
"1656","keepnews",2
"1657","kenton's",2
"1658","killer",2
"1659","kings",2
"1660","knowledge",2
"1661","kool",2
"1662","krall",2
"1663","kurt",2
"1664","kuti",2
"1665","lage",2
"1666","larry",2
"1667","las",2
"1668","launching",2
"1669","laws",2
"1670","leads",2
"1671","lee's",2
"1672","leg",2
"1673","legalization",2
"1674","legend",2
"1675","legendary",2
"1676","legends",2
"1677","leo",2
"1678","leon",2
"1679","lessons",2
"1680","lester",2
"1681","liebman",2
"1682","ligon",2
"1683","limited",2
"1684","lines",2
"1685","lineup",2
"1686","link",2
"1687","lists",2
"1688","load",2
"1689","loose",2
"1690","louisiana",2
"1691","lovano",2
"1692","low",2
"1693","lucky",2
"1694","lungs",2
"1695","lust",2
"1696","lyne",2
"1697","maintains",2
"1698","maker",2
"1699","makes",2
"1700","malcolm",2
"1701","malik",2
"1702","mangione",2
"1703","marks",2
"1704","marvin",2
"1705","maryland",2
"1706","masters",2
"1707","mater",2
"1708","maurice",2
"1709","mayall",2
"1710","maynard",2
"1711","mcbride",2
"1712","medical",2
"1713","membership",2
"1714","mentored",2
"1715","metatonal",2
"1716","michelle",2
"1717","mick",2
"1718","middle",2
"1719","milestone",2
"1720","milt",2
"1721","milton",2
"1722","mingus's",2
"1723","minute",2
"1724","mix",2
"1725","mo",2
"1726","mode",2
"1727","mollusks",2
"1728","moments",2
"1729","montreal",2
"1730","morris",2
"1731","movie",2
"1732","movies",2
"1733","moving",2
"1734","mtv",2
"1735","mudbound",2
"1736","mulligan's",2
"1737","murphy",2
"1738","nevada",2
"1739","ni",2
"1740","nickname",2
"1741","ninth",2
"1742","noble",2
"1743","northwestern",2
"1744","notes",2
"1745","o'farrill",2
"1746","obama",2
"1747","occasionally",2
"1748","organization",2
"1749","ornette",2
"1750","output",2
"1751","page",2
"1752","paint",2
"1753","paintings",2
"1754","participate",2
"1755","peak",2
"1756","penchant",2
"1757","peplowski",2
"1758","performers",2
"1759","pharoah",2
"1760","philadelphia",2
"1761","philip",2
"1762","photographer",2
"1763","phyllis",2
"1764","platelets",2
"1765","positions",2
"1766","poyser",2
"1767","preeminent",2
"1768","presidential",2
"1769","presley",2
"1770","pretender",2
"1771","pretty",2
"1772","previous",2
"1773","primetime",2
"1774","principle",2
"1775","prior",2
"1776","prison",2
"1777","privileged",2
"1778","prodigy",2
"1779","production",2
"1780","proficiency",2
"1781","promote",2
"1782","promoted",2
"1783","promoting",2
"1784","protein",2
"1785","provided",2
"1786","publishing",2
"1787","purim",2
"1788","pursued",2
"1789","queensland",2
"1790","questlove",2
"1791","ra",2
"1792","rarely",2
"1793","reaching",2
"1794","readers",2
"1795","rebennack",2
"1796","reception",2
"1797","recognizable",2
"1798","recovering",2
"1799","reginald",2
"1800","regular",2
"1801","relocated",2
"1802","remaining",2
"1803","renaissance",2
"1804","renowned",2
"1805","renwick",2
"1806","repertoire",2
"1807","repertory",2
"1808","replaced",2
"1809","republic",2
"1810","reputation",2
"1811","respect",2
"1812","respective",2
"1813","respiratory",2
"1814","result",2
"1815","resumed",2
"1816","returning",2
"1817","reunions",2
"1818","reviews",2
"1819","revolutions",2
"1820","rhythmic",2
"1821","ric",2
"1822","ridgemont",2
"1823","rising",2
"1824","riverside",2
"1825","robinson",2
"1826","roger",2
"1827","roles",2
"1828","romantic",2
"1829","roney",2
"1830","rosenwinkel",2
"1831","rubin",2
"1832","ruby",2
"1833","run",2
"1834","saint",2
"1835","sam",2
"1836","sarah",2
"1837","saxophones",2
"1838","saxophonists",2
"1839","schifrin",2
"1840","scholarship",2
"1841","search",2
"1842","secret",2
"1843","services",2
"1844","set",2
"1845","sex",2
"1846","sfjazz",2
"1847","shaheed",2
"1848","shape",2
"1849","shearing",2
"1850","shirley",2
"1851","shooting",2
"1852","shotgun",2
"1853","sidewinder",2
"1854","signing",2
"1855","silver's",2
"1856","similarly",2
"1857","simon",2
"1858","simplicity",2
"1859","sinatra",2
"1860","sings",2
"1861","skid",2
"1862","skilled",2
"1863","slovak",2
"1864","smooth",2
"1865","soundtracks",2
"1866","sphere",2
"1867","spike",2
"1868","spin",2
"1869","spiritual",2
"1870","spokesperson",2
"1871","stages",2
"1872","stand",2
"1873","standing",2
"1874","starred",2
"1875","starting",2
"1876","stations",2
"1877","stayed",2
"1878","stephen",2
"1879","stief",2
"1880","stint",2
"1881","stints",2
"1882","stitt",2
"1883","stop",2
"1884","straight",2
"1885","stranger",2
"1886","strayhorn",2
"1887","street",2
"1888","strictly",2
"1889","string",2
"1890","strongly",2
"1891","stylistic",2
"1892","stylized",2
"1893","subsequently",2
"1894","successes",2
"1895","successfully",2
"1896","sugar",2
"1897","super",2
"1898","supergroup",2
"1899","supreme",2
"1900","surprise",2
"1901","surviving",2
"1902","sustained",2
"1903","symbol",2
"1904","symphony",2
"1905","tain",2
"1906","taking",2
"1907","talented",2
"1908","talk",2
"1909","tapes",2
"1910","teaches",2
"1911","technical",2
"1912","technology",2
"1913","ted",2
"1914","teddy",2
"1915","teenage",2
"1916","tenure",2
"1917","terms",2
"1918","terri",2
"1919","thad",2
"1920","thelonius",2
"1921","thirty",2
"1922","thousands",2
"1923","thriller",2
"1924","throat",2
"1925","tied",2
"1926","tip",2
"1927","tissues",2
"1928","title",2
"1929","ton",2
"1930","toni",2
"1931","topping",2
"1932","total",2
"1933","toussaint",2
"1934","town",2
"1935","track",2
"1936","tradition",2
"1937","train",2
"1938","trained",2
"1939","transitioned",2
"1940","transported",2
"1941","travelled",2
"1942","tribe",2
"1943","trilogy",2
"1944","trinity",2
"1945","truth",2
"1946","tuba",2
"1947","tupac",2
"1948","tvt",2
"1949","twelfth",2
"1950","twists",2
"1951","typically",2
"1952","tyrone",2
"1953","ucla",2
"1954","unable",2
"1955","uncle",2
"1956","undergraduate",2
"1957","unique",2
"1958","uri",2
"1959","usa",2
"1960","van",2
"1961","vancouver",2
"1962","varied",2
"1963","vegas",2
"1964","venues",2
"1965","vertebrate",2
"1966","vertebrates",2
"1967","vibraphonist",2
"1968","vibraphonists",2
"1969","vibrato",2
"1970","victor",2
"1971","violence",2
"1972","violent",2
"1973","violinist",2
"1974","virtuosity",2
"1975","visiting",2
"1976","vital",2
"1977","voyage",2
"1978","walk",2
"1979","wallace",2
"1980","war",2
"1981","waste",2
"1982","watch",2
"1983","water",2
"1984","watson",2
"1985","waylon",2
"1986","webster",2
"1987","welsh",2
"1988","wesley",2
"1989","wess",2
"1990","whistling",2
"1991","whitney",2
"1992","wild",2
"1993","winard",2
"1994","witherspoon",2
"1995","wolfe",2
"1996","wonder's",2
"1997","wood",2
"1998","worth",2
"1999","wrong",2
"2000","xavier",2
"2001","yanow",2
"2002","yielded",2
"2003","yusef",2
"2004","а",2
"2005","м",2
"2006","к",2
"2007","ة",2
"2008","ح",2
"2009","د",2
"2010","س",2
"2011","£",2
"2012","á",2
"2013","æ",2
"2014","í",2
"2015","006",1
"2016","1138",1
"2017","120",1
"2018","125",1
"2019","13th",1
"2020","1899",1
"2021","1904",1
"2022","1908",1
"2023","1910",1
"2024","1918",1
"2025","1919",1
"2026","1921",1
"2027","1926",1
"2028","1939",1
"2029","2,221",1
"2030","2,722,000",1
"2031","2010s",1
"2032","2022",1
"2033","2024",1
"2034","220",1
"2035","23rd",1
"2036","280",1
"2037","2pac",1
"2038","2pacalypse",1
"2039","3.3",1
"2040","32",1
"2041","33",1
"2042","34",1
"2043","342",1
"2044","35",1
"2045","37th",1
"2046","38",1
"2047","400",1
"2048","45",1
"2049","53",1
"2050","55",1
"2051","57",1
"2052","5th",1
"2053","61",1
"2054","62",1
"2055","62nd",1
"2056","63rd",1
"2057","7,224",1
"2058","7,777",1
"2059","70s",1
"2060","70th",1
"2061","73rd",1
"2062","76",1
"2063","78",1
"2064","78th",1
"2065","83",1
"2066","876",1
"2067","87th",1
"2068","900",1
"2069","90s",1
"2070","92",1
"2071","93",1
"2072","94",1
"2073","981",1
"2074","985",1
"2075","993",1
"2076","abandoning",1
"2077","abbreviated",1
"2078","abbreviation",1
"2079","abdullah",1
"2080","abilities",1
"2081","abrupt",1
"2082","abstracted",1
"2083","abundant",1
"2084","abuse",1
"2085","abusers",1
"2086","accompanied",1
"2087","accompanying",1
"2088","achieve",1
"2089","acquired",1
"2090","acquisition",1
"2091","acted",1
"2092","action",1
"2093","activities",1
"2094","actual",1
"2095","adam",1
"2096","adaptability",1
"2097","adapted",1
"2098","adaptive",1
"2099","add",1
"2100","added",1
"2101","addict",1
"2102","addictions",1
"2103","additionally",1
"2104","addressing",1
"2105","advance",1
"2106","advanced",1
"2107","adventure",1
"2108","aesthetically",1
"2109","affiliation",1
"2110","affirmation",1
"2111","aficionado",1
"2112","africanism",1
"2113","afrobeat",1
"2114","aftermath",1
"2115","agenda",1
"2116","ages",1
"2117","aggravated",1
"2118","agharta",1
"2119","ago",1
"2120","agreeing",1
"2121","agriculture",1
"2122","aguilera",1
"2123","ahmad",1
"2124","ahmadiyya",1
"2125","ahmed",1
"2126","ahmet",1
"2127","ain",1
"2128","airplay",1
"2129","airto",1
"2130","akin",1
"2131","akron",1
"2132","alan",1
"2133","albumin",1
"2134","alcohol",1
"2135","alcoholic",1
"2136","alcoholism",1
"2137","alessandro",1
"2138","alexa",1
"2139","alexander",1
"2140","alexandre",1
"2141","alfred",1
"2142","alias",1
"2143","alicia",1
"2144","alike",1
"2145","alive",1
"2146","allmusic",1
"2147","allowed",1
"2148","aloysius",1
"2149","alpert",1
"2150","alternated",1
"2151","altoist",1
"2152","alton",1
"2153","alvin",1
"2154","amaru",1
"2155","amass",1
"2156","amateur",1
"2157","amazon",1
"2158","americans",1
"2159","amerikaanse",1
"2160","amerikanischer",1
"2161","amityville",1
"2162","ammons",1
"2163","amount",1
"2164","anatomy",1
"2165","anchor",1
"2166","andreas",1
"2167","androgynous",1
"2168","android",1
"2169","aneurysm",1
"2170","angular",1
"2171","anita",1
"2172","ann",1
"2173","annie",1
"2174","anniversary",1
"2175","announced",1
"2176","anthems",1
"2177","antics",1
"2178","antigua",1
"2179","anton",1
"2180","antonio",1
"2181","antony",1
"2182","aor",1
"2183","apache",1
"2184","apartheid",1
"2185","apollo",1
"2186","apparently",1
"2187","appealing",1
"2188","appice",1
"2189","appleyard",1
"2190","aptitude",1
"2191","ar",1
"2192","archer",1
"2193","archetypal",1
"2194","architects",1
"2195","arena",1
"2196","argentine",1
"2197","arghul",1
"2198","argue",1
"2199","aria",1
"2200","armadillo",1
"2201","armando",1
"2202","armando's",1
"2203","arp",1
"2204","arpeggiations",1
"2205","arrangement",1
"2206","arranging",1
"2207","arterial",1
"2208","arthropods",1
"2209","artistry",1
"2210","arty",1
"2211","ascension",1
"2212","aspect",1
"2213","aspects",1
"2214","assailant",1
"2215","assemblage",1
"2216","assembled",1
"2217","assembles",1
"2218","assessed",1
"2219","assimilated",1
"2220","astral",1
"2221","atop",1
"2222","attained",1
"2223","atticus",1
"2224","attracted",1
"2225","attraction",1
"2226","auch",1
"2227","auction",1
"2228","audience",1
"2229","audition",1
"2230","austrian",1
"2231","average",1
"2232","avoid",1
"2233","aware",1
"2234","aydin",1
"2235","ayler",1
"2236","ayva",1
"2237","aznar",1
"2238","b's",1
"2239","b.i.g",1
"2240","ba",1
"2241","baby",1
"2242","backstage",1
"2243","bags",1
"2244","bail",1
"2245","balance",1
"2246","balladeer",1
"2247","ballet",1
"2248","ballroom",1
"2249","bamboo",1
"2250","bandmate",1
"2251","bandmates",1
"2252","bandsmen",1
"2253","banning",1
"2254","banquet",1
"2255","baptiste",1
"2256","bar",1
"2257","barack",1
"2258","bare",1
"2259","baritone",1
"2260","barker",1
"2261","barnhart",1
"2262","baron",1
"2263","barry's",1
"2264","basement",1
"2265","basgitaar",1
"2266","basic",1
"2267","bassgitarre",1
"2268","bassists",1
"2269","bassoon",1
"2270","bassoonist",1
"2271","bath",1
"2272","batiste",1
"2273","baylor",1
"2274","bazzle",1
"2275","bbc",1
"2276","beach",1
"2277","beat's",1
"2278","beats",1
"2279","bebop's",1
"2280","bechet's",1
"2281","bedford",1
"2282","beggars",1
"2283","begin",1
"2284","beirach",1
"2285","belafonte",1
"2286","belgian",1
"2287","belgrave",1
"2288","belle",1
"2289","belonged",1
"2290","bena",1
"2291","bench",1
"2292","bending",1
"2293","bends",1
"2294","benefits",1
"2295","bent",1
"2296","berendt",1
"2297","beret",1
"2298","berkeley",1
"2299","berlin",1
"2300","berroa",1
"2301","beverly",1
"2302","beyonc",1
"2303","bible",1
"2304","bicarbonate",1
"2305","biggest",1
"2306","billboard's",1
"2307","billed",1
"2308","binding",1
"2309","binghamton",1
"2310","bio",1
"2311","biofuels",1
"2312","biographical",1
"2313","biopic",1
"2314","birdland",1
"2315","birds",1
"2316","birks",1
"2317","birthday",1
"2318","bishop",1
"2319","bitches",1
"2320","bitter",1
"2321","bla",1
"2322","blackhawk",1
"2323","blackkklansman",1
"2324","blake",1
"2325","blanchard's",1
"2326","blend",1
"2327","blending",1
"2328","bley's",1
"2329","blige's",1
"2330","blinded",1
"2331","bloods",1
"2332","bloomed",1
"2333","bluesbreakers",1
"2334","bluesette",1
"2335","bluesmen",1
"2336","bmi",1
"2337","bobby",1
"2338","bodies",1
"2339","bogert",1
"2340","bohemian",1
"2341","boland",1
"2342","bolivia",1
"2343","boogie",1
"2344","booker",1
"2345","borg",1
"2346","boris",1
"2347","bossa",1
"2348","bostic",1
"2349","boundaries",1
"2350","bourne",1
"2351","bowed",1
"2352","boy",1
"2353","boyd",1
"2354","brad",1
"2355","brain",1
"2356","branching",1
"2357","branco",1
"2358","brand",1
"2359","braun",1
"2360","brazil's",1
"2361","breach",1
"2362","brew",1
"2363","bridge",1
"2364","bright",1
"2365","brightside",1
"2366","bringing",1
"2367","brisbane's",1
"2368","britain",1
"2369","britain's",1
"2370","broadcaster",1
"2371","broaden",1
"2372","broadway",1
"2373","brock",1
"2374","brotherhood",1
"2375","bryan",1
"2376","bryant",1
"2377","buck",1
"2378","buckingham",1
"2379","buckshot",1
"2380","buffalo",1
"2381","buffet",1
"2382","bug",1
"2383","buhaina",1
"2384","building",1
"2385","bullets",1
"2386","bullitt",1
"2387","bullock",1
"2388","burgeoning",1
"2389","burgundy",1
"2390","burns",1
"2391","bus",1
"2392","buster",1
"2393","butler",1
"2394","buy",1
"2395","cab",1
"2396","call",1
"2397","calloway",1
"2398","calvaire",1
"2399","cameron",1
"2400","camille",1
"2401","campaign",1
"2402","campaigns",1
"2403","campbell's",1
"2404","cancel",1
"2405","cancer",1
"2406","cantaloupe",1
"2407","canyon",1
"2408","capitol",1
"2409","cappella",1
"2410","captured",1
"2411","car",1
"2412","caravan",1
"2413","carlyle",1
"2414","carmen",1
"2415","carpenter",1
"2416","carr",1
"2417","carry",1
"2418","carrying",1
"2419","cars",1
"2420","carter's",1
"2421","cash",1
"2422","cass",1
"2423","cassandra",1
"2424","cassetta",1
"2425","cast",1
"2426","catchy",1
"2427","cats",1
"2428","cc",1
"2429","cd",1
"2430","cds",1
"2431","celebrity",1
"2432","cello",1
"2433","centerpiece",1
"2434","central",1
"2435","centre",1
"2436","ceremonies",1
"2437","ceremony",1
"2438","chaka",1
"2439","challenge",1
"2440","challenging",1
"2441","chalmers",1
"2442","chameleon",1
"2443","championing",1
"2444","chances",1
"2445","changed",1
"2446","changing",1
"2447","chapel",1
"2448","characterized",1
"2449","charges",1
"2450","charisma",1
"2451","charlap",1
"2452","charles's",1
"2453","charnett",1
"2454","chaser",1
"2455","chasing",1
"2456","cheb",1
"2457","cheeks",1
"2458","cherokee",1
"2459","cherry",1
"2460","chesky",1
"2461","chess",1
"2462","chested",1
"2463","chet",1
"2464","chico",1
"2465","children",1
"2466","china",1
"2467","choice",1
"2468","chordal",1
"2469","chords",1
"2470","chorlton",1
"2471","christina",1
"2472","chromatic",1
"2473","chromaticism",1
"2474","church",1
"2475","churches",1
"2476","cinderella",1
"2477","cinna",1
"2478","circulated",1
"2479","circulatory",1
"2480","circus",1
"2481","cirrhosis",1
"2482","cities",1
"2483","citizenship",1
"2484","civil",1
"2485","clapton's",1
"2486","clarity",1
"2487","class",1
"2488","claudio",1
"2489","clausen",1
"2490","clavinet",1
"2491","clean",1
"2492","cleared",1
"2493","cleves",1
"2494","clint",1
"2495","clinton",1
"2496","closely",1
"2497","clotting",1
"2498","cloud",1
"2499","clyde",1
"2500","cobham",1
"2501","coca",1
"2502","cohesive",1
"2503","coined",1
"2504","cola",1
"2505","cold",1
"2506","coldplay",1
"2507","coleman's",1
"2508","collaborate",1
"2509","collage",1
"2510","collected",1
"2511","collections",1
"2512","college's",1
"2513","colleges",1
"2514","colloidal",1
"2515","colorful",1
"2516","colour",1
"2517","colter",1
"2518","columns",1
"2519","combining",1
"2520","comedies",1
"2521","comedy",1
"2522","coming",1
"2523","commencement",1
"2524","commendations",1
"2525","commented",1
"2526","commissioned",1
"2527","commissions",1
"2528","committed",1
"2529","commonly",1
"2530","companies",1
"2531","companion",1
"2532","comparatively",1
"2533","compared",1
"2534","compete",1
"2535","complemented",1
"2536","completed",1
"2537","complexity",1
"2538","complications",1
"2539","components",1
"2540","componist",1
"2541","compositional",1
"2542","computer",1
"2543","conception",1
"2544","concepts",1
"2545","concluding",1
"2546","concord",1
"2547","configurations",1
"2548","confrontation",1
"2549","confused",1
"2550","congress",1
"2551","conjunction",1
"2552","connection",1
"2553","connective",1
"2554","connors",1
"2555","conor",1
"2556","conscious",1
"2557","conservative",1
"2558","considers",1
"2559","constitutes",1
"2560","contact",1
"2561","contender",1
"2562","contestant",1
"2563","continuation",1
"2564","continue",1
"2565","continuing",1
"2566","continuously",1
"2567","contrabas",1
"2568","contribute",1
"2569","controlled",1
"2570","controversy",1
"2571","conventional",1
"2572","converted",1
"2573","convinced",1
"2574","cook",1
"2575","copenhagen",1
"2576","copland",1
"2577","cords",1
"2578","core",1
"2579","coretta",1
"2580","cornerstone",1
"2581","corporate",1
"2582","correspondence",1
"2583","cortini",1
"2584","coryell",1
"2585","costumes",1
"2586","countries",1
"2587","counts",1
"2588","county",1
"2589","coupled",1
"2590","cowboy",1
"2591","crafting",1
"2592","craig",1
"2593","crampon",1
"2594","create",1
"2595","created",1
"2596","creation",1
"2597","credit",1
"2598","credits",1
"2599","cressman",1
"2600","cribb",1
"2601","criss",1
"2602","crooks",1
"2603","crossing",1
"2604","crown",1
"2605","crustaceans",1
"2606","cti",1
"2607","culminated",1
"2608","cult",1
"2609","cultivated",1
"2610","cultural",1
"2611","current",1
"2612","curse",1
"2613","cutting",1
"2614","czech",1
"2615","d'horlogerie",1
"2616","d'rivera",1
"2617","da",1
"2618","daahoud",1
"2619","daedelus",1
"2620","daly",1
"2621","dame",1
"2622","damion",1
"2623","damn",1
"2624","damned",1
"2625","dan",1
"2626","dancer",1
"2627","danny",1
"2628","darcy",1
"2629","darker",1
"2630","darren",1
"2631","darrin",1
"2632","darryl",1
"2633","dat",1
"2634","dates",1
"2635","daughter",1
"2636","dawg",1
"2637","dayna",1
"2638","deal",1
"2639","deals",1
"2640","dean",1
"2641","debra",1
"2642","debuted",1
"2643","decided",1
"2644","deck",1
"2645","decline",1
"2646","deeply",1
"2647","defect",1
"2648","define",1
"2649","definitive",1
"2650","defrancesco",1
"2651","defying",1
"2652","degrees",1
"2653","del",1
"2654","delaney",1
"2655","delayed",1
"2656","deleterious",1
"2657","delight",1
"2658","delivers",1
"2659","delta",1
"2660","demand",1
"2661","denise",1
"2662","dennard",1
"2663","deoxygenated",1
"2664","depeche",1
"2665","dere",1
"2666","derek",1
"2667","derived",1
"2668","descendant",1
"2669","describe",1
"2670","describing",1
"2671","desert",1
"2672","desperado",1
"2673","destroy",1
"2674","determination",1
"2675","developer",1
"2676","developments",1
"2677","devil",1
"2678","dewayne",1
"2679","dewey",1
"2680","dexter",1
"2681","diabetes",1
"2682","diamond",1
"2683","dicaprio",1
"2684","dice",1
"2685","diddley",1
"2686","didgeridoo",1
"2687","difference",1
"2688","differentiated",1
"2689","differing",1
"2690","difficulties",1
"2691","difficulty",1
"2692","digital",1
"2693","dire",1
"2694","direct",1
"2695","directions",1
"2696","directly",1
"2697","directors",1
"2698","dirt",1
"2699","disbanding",1
"2700","discharged",1
"2701","disciple",1
"2702","discographies",1
"2703","discovery",1
"2704","dissatisfied",1
"2705","dissonances",1
"2706","distancia",1
"2707","distinct",1
"2708","distinctively",1
"2709","distinguished",1
"2710","dive",1
"2711","diverse",1
"2712","divided",1
"2713","doc",1
"2714","doctor",1
"2715","documentaries",1
"2716","documentary",1
"2717","documenting",1
"2718","doe",1
"2719","dog",1
"2720","dogg",1
"2721","doggett",1
"2722","dollars",1
"2723","dolores",1
"2724","dolphy",1
"2725","dolphy's",1
"2726","dominant",1
"2727","dominick",1
"2728","dominos",1
"2729","donna",1
"2730","doodlin",1
"2731","doron",1
"2732","doubler",1
"2733","dowdy",1
"2734","downhill",1
"2735","downplayed",1
"2736","downward",1
"2737","dragon",1
"2738","dramatic",1
"2739","drawings",1
"2740","dream",1
"2741","dreams",1
"2742","driven",1
"2743","dropping",1
"2744","drove",1
"2745","drugs",1
"2746","drummed",1
"2747","dual",1
"2748","dubbed",1
"2749","dubois",1
"2750","duchovny",1
"2751","duet",1
"2752","dulfer's",1
"2753","dunbar",1
"2754","duties",1
"2755","dvd",1
"2756","dynasty",1
"2757","e.j",1
"2758","e.s.p",1
"2759","earthy",1
"2760","eastwood",1
"2761","easy",1
"2762","eckstine",1
"2763","eclectic",1
"2764","ed",1
"2765","edge",1
"2766","edison",1
"2767","een",1
"2768","ehrlich",1
"2769","eighteen",1
"2770","eighth",1
"2771","ein",1
"2772","el",1
"2773","elaborate",1
"2774","elderly",1
"2775","eldridge",1
"2776","elected",1
"2777","electro",1
"2778","electronica",1
"2779","electronics",1
"2780","elimination",1
"2781","elis",1
"2782","ella",1
"2783","elliott",1
"2784","elmer",1
"2785","eloquence",1
"2786","emanuel",1
"2787","embrace",1
"2788","embraced",1
"2789","emergence",1
"2790","emigrated",1
"2791","emily",1
"2792","emily's",1
"2793","emmanuel",1
"2794","emotionally",1
"2795","emphasized",1
"2796","emphasizing",1
"2797","encompassed",1
"2798","encompasses",1
"2799","encounter",1
"2800","encyclopedia",1
"2801","endowed",1
"2802","engagement",1
"2803","enhancing",1
"2804","enter",1
"2805","entrepreneur",1
"2806","ep",1
"2807","eps",1
"2808","equality",1
"2809","equally",1
"2810","eragon",1
"2811","eras",1
"2812","erformed",1
"2813","erlewine",1
"2814","ernest",1
"2815","ernst",1
"2816","ertegun",1
"2817","erythrocytes",1
"2818","escalator",1
"2819","eschews",1
"2820","esen",1
"2821","essen",1
"2822","est",1
"2823","establishment",1
"2824","estimates",1
"2825","estined",1
"2826","ethical",1
"2827","ethiopia",1
"2828","ethnic",1
"2829","etta",1
"2830","etudes",1
"2831","eugene",1
"2832","euphonium",1
"2833","evanston",1
"2834","eve",1
"2835","evening",1
"2836","events",1
"2837","everyman",1
"2838","evidence",1
"2839","evidenced",1
"2840","evolution",1
"2841","evolving",1
"2842","examples",1
"2843","exceptions",1
"2844","exchange",1
"2845","excretory",1
"2846","exemplary",1
"2847","exhaled",1
"2848","exhibited",1
"2849","exile",1
"2850","expanse",1
"2851","experimental",1
"2852","exploration",1
"2853","explorations",1
"2854","explore",1
"2855","exponent",1
"2856","expos",1
"2857","exposing",1
"2858","exposure",1
"2859","express",1
"2860","expressed",1
"2861","expressions",1
"2862","expressive",1
"2863","extend",1
"2864","extent",1
"2865","extracellularly",1
"2866","extraordinary",1
"2867","eye",1
"2868","eyed",1
"2869","eyez",1
"2870","ezekiel",1
"2871","faced",1
"2872","facilitates",1
"2873","facility",1
"2874","faculties",1
"2875","faddis's",1
"2876","failed",1
"2877","failing",1
"2878","failure",1
"2879","fairfield",1
"2880","faith",1
"2881","falls",1
"2882","falsetto",1
"2883","famed",1
"2884","familiar",1
"2885","family's",1
"2886","famine",1
"2887","fanfare",1
"2888","fared",1
"2889","farm",1
"2890","farrell",1
"2891","father's",1
"2892","fauvist",1
"2893","favor",1
"2894","favorable",1
"2895","feat",1
"2896","feature",1
"2897","fed",1
"2898","federal",1
"2899","federation",1
"2900","feel",1
"2901","feels",1
"2902","fellowship",1
"2903","fender",1
"2904","ferdinand",1
"2905","feuding",1
"2906","fi",1
"2907","fibers",1
"2908","fibrinogen",1
"2909","fiery",1
"2910","fiesta",1
"2911","fifty",1
"2912","fighter",1
"2913","finale",1
"2914","finck",1
"2915","finding",1
"2916","fingers",1
"2917","fingertips",1
"2918","fire",1
"2919","fit",1
"2920","fitzgerald",1
"2921","fixture",1
"2922","flash",1
"2923","fletcher",1
"2924","floats",1
"2925","flora",1
"2926","florence",1
"2927","flourished",1
"2928","flow",1
"2929","floyd",1
"2930","fluctuated",1
"2931","fluent",1
"2932","fly",1
"2933","flying",1
"2934","focused",1
"2935","folkwang",1
"2936","fond",1
"2937","food",1
"2938","forced",1
"2939","forceful",1
"2940","fordham",1
"2941","forest",1
"2942","formats",1
"2943","forms",1
"2944","fort",1
"2945","fortner",1
"2946","forty",1
"2947","fountain",1
"2948","fowler",1
"2949","fr",1
"2950","fragile",1
"2951","fram",1
"2952","france",1
"2953","francy",1
"2954","frankie",1
"2955","frederick",1
"2956","freelance",1
"2957","freewheelin",1
"2958","french",1
"2959","fresh",1
"2960","friday",1
"2961","friedman",1
"2962","friendly",1
"2963","frisell",1
"2964","front",1
"2965","fronted",1
"2966","frost",1
"2967","fulfillingness",1
"2968","fump",1
"2969","functions",1
"2970","funds",1
"2971","funkadelic",1
"2972","funny",1
"2973","fury",1
"2974","future",1
"2975","gabriel",1
"2976","gainesville",1
"2977","galleries",1
"2978","gambier",1
"2979","gamble",1
"2980","gang",1
"2981","garage",1
"2982","garc",1
"2983","garcia's",1
"2984","garden",1
"2985","garrison",1
"2986","garth",1
"2987","gas",1
"2988","gate",1
"2989","gathering",1
"2990","gaye",1
"2991","gbadegesin",1
"2992","gear",1
"2993","geldof",1
"2994","gen",1
"2995","generates",1
"2996","generating",1
"2997","generation",1
"2998","generations",1
"2999","genre.he",1
"3000","gentle",1
"3001","geoffrey",1
"3002","georgia",1
"3003","gerard",1
"3004","geri",1
"3005","germaine",1
"3006","germany",1
"3007","gerry",1
"3008","gestures",1
"3009","getaway",1
"3010","gibson's",1
"3011","giddins",1
"3012","gigs",1
"3013","gilberto",1
"3014","gilmore",1
"3015","gimme",1
"3016","gin",1
"3017","ginger",1
"3018","gioia",1
"3019","giordano",1
"3020","giuseppe",1
"3021","glaser",1
"3022","glasper",1
"3023","glass",1
"3024","glaucoma",1
"3025","global",1
"3026","glucose",1
"3027","goal",1
"3028","goats",1
"3029","godfather",1
"3030","golson's",1
"3031","gonzalez",1
"3032","goodbar",1
"3033","goodwill",1
"3034","gov't",1
"3035","government's",1
"3036","gq",1
"3037","gradually",1
"3038","graham",1
"3039","grammys",1
"3040","grandparents",1
"3041","granted",1
"3042","granuloma",1
"3043","graphic",1
"3044","grappelli",1
"3045","gras",1
"3046","grass",1
"3047","gratitude",1
"3048","gravity",1
"3049","grazing",1
"3050","greats",1
"3051","grech",1
"3052","greek",1
"3053","greenville",1
"3054","gregory",1
"3055","greil",1
"3056","grenadier",1
"3057","gridlock'd",1
"3058","grief",1
"3059","griffin's",1
"3060","grill",1
"3061","groovy",1
"3062","grossing",1
"3063","ground",1
"3064","grounding",1
"3065","guildhall",1
"3066","guillermo",1
"3067","guitarist's",1
"3068","guitars",1
"3069","gunman",1
"3070","gunner",1
"3071","gunther",1
"3072","habit",1
"3073","haden's",1
"3074","haemato",1
"3075","haemo",1
"3076","hagans",1
"3077","hailed",1
"3078","haima",1
"3079","haitian",1
"3080","hallmark",1
"3081","hamasyan",1
"3082","hampton's",1
"3083","handful",1
"3084","haphazardly",1
"3085","happiness",1
"3086","happy",1
"3087","harald",1
"3088","hardaway",1
"3089","harding",1
"3090","hargrove's",1
"3091","harmonics",1
"3092","harmonising",1
"3093","harp",1
"3094","harrison",1
"3095","hart",1
"3096","hartford",1
"3097","hartford's",1
"3098","hartman",1
"3099","harvard",1
"3100","haskett",1
"3101","hat",1
"3102","hate",1
"3103","hathaway",1
"3104","hats",1
"3105","hawkins",1
"3106","heads",1
"3107","hear",1
"3108","hearted",1
"3109","hearts",1
"3110","heid",1
"3111","heights",1
"3112","helms",1
"3113","helping",1
"3114","hemato",1
"3115","hemo",1
"3116","hemocyanin",1
"3117","hemocytes",1
"3118","henderson's",1
"3119","hendricks",1
"3120","hendrix",1
"3121","herd",1
"3122","heritage",1
"3123","herlin",1
"3124","hernando",1
"3125","heroes",1
"3126","heroin",1
"3127","herring",1
"3128","herschel",1
"3129","hersholt",1
"3130","hesitation",1
"3131","hesitations",1
"3132","heyday",1
"3133","hiatuses",1
"3134","hibbler",1
"3135","higgins",1
"3136","highway",1
"3137","highwaymen",1
"3138","hill's",1
"3139","hinton's",1
"3140","hiram",1
"3141","histology",1
"3142","historian",1
"3143","historic",1
"3144","historical",1
"3145","history's",1
"3146","hochschule",1
"3147","hodinkee",1
"3148","hohner",1
"3149","hold",1
"3150","holder",1
"3151","holds",1
"3152","homes",1
"3153","honeysuckle",1
"3154","honoree",1
"3155","honoured",1
"3156","honours",1
"3157","hooker",1
"3158","hooks",1
"3159","hope",1
"3160","hormones",1
"3161","hornsby",1
"3162","horror",1
"3163","horseman",1
"3164","hostility",1
"3165","hosting",1
"3166","hour",1
"3167","household",1
"3168","hubert",1
"3169","huddleston",1
"3170","hudson",1
"3171","huey",1
"3172","huff",1
"3173","humanitarian",1
"3174","humans",1
"3175","humble",1
"3176","humes",1
"3177","humorous",1
"3178","humphries's",1
"3179","hunger",1
"3180","hunter",1
"3181","hunters",1
"3182","huntsville",1
"3183","hurricane",1
"3184","hurst",1
"3185","hyde",1
"3186","hyperbeat",1
"3187","i.d.u",1
"3188","ibn",1
"3189","icon",1
"3190","identified",1
"3191","idiosyncrasies",1
"3192","idiosyncratic",1
"3193","iggy",1
"3194","ignacio",1
"3195","ilan",1
"3196","illfonic",1
"3197","illustrated",1
"3198","illustrious",1
"3199","ilori",1
"3200","imaginative",1
"3201","imitated",1
"3202","immediacy",1
"3203","immediately",1
"3204","impeccable",1
"3205","importance",1
"3206","impossible",1
"3207","impressed",1
"3208","improvising",1
"3209","inarguably",1
"3210","incarnation",1
"3211","incidents",1
"3212","income",1
"3213","incorporating",1
"3214","increased",1
"3215","increasing",1
"3216","increasingly",1
"3217","incredible",1
"3218","incubator",1
"3219","independence",1
"3220","indiana",1
"3221","indianola",1
"3222","indisputable",1
"3223","individual",1
"3224","inductee",1
"3225","inequality",1
"3226","infections",1
"3227","informally",1
"3228","infused",1
"3229","ingram",1
"3230","inhaled",1
"3231","initiate",1
"3232","innervisions",1
"3233","innocence",1
"3234","innovator",1
"3235","innovators",1
"3236","insensitive",1
"3237","instalments",1
"3238","institution",1
"3239","instrument's",1
"3240","integrated",1
"3241","integrating",1
"3242","integration",1
"3243","integrity",1
"3244","intense",1
"3245","interdisciplinary",1
"3246","interfered",1
"3247","internal",1
"3248","interpretation",1
"3249","interpreted",1
"3250","intersection",1
"3251","interviewed",1
"3252","intricacy",1
"3253","introduction",1
"3254","inventive",1
"3255","investments",1
"3256","invited",1
"3257","ion",1
"3258","ions",1
"3259","iron",1
"3260","irresistible",1
"3261","irvin",1
"3262","isaac",1
"3263","isidor",1
"3264","islam",1
"3265","isle",1
"3266","isley",1
"3267","issue",1
"3268","ist",1
"3269","iterations",1
"3270","ith",1
"3271","itta",1
"3272","iv",1
"3273","j.j",1
"3274","jackman",1
"3275","jacky",1
"3276","jacobs",1
"3277","jade",1
"3278","jake",1
"3279","jam",1
"3280","jamaican",1
"3281","jamal",1
"3282","jane",1
"3283","janet",1
"3284","janis",1
"3285","jarobi",1
"3286","jarreau",1
"3287","jarrett's",1
"3288","javier",1
"3289","jawed",1
"3290","jazzmobile",1
"3291","jazzmusiker",1
"3292","jazzmuzikant",1
"3293","jazzset",1
"3294","jazztimes",1
"3295","jeff's",1
"3296","jeffrey",1
"3297","jessi",1
"3298","jesus",1
"3299","ji",1
"3300","jill",1
"3301","jimi",1
"3302","joachim",1
"3303","joey",1
"3304","joining",1
"3305","joints",1
"3306","jonah",1
"3307","jonathan",1
"3308","joplin",1
"3309","joscelyn",1
"3310","josh",1
"3311","journey",1
"3312","joyous",1
"3313","juan",1
"3314","judges",1
"3315","juice",1
"3316","juke",1
"3317","jumpin",1
"3318","junior",1
"3319","junjo",1
"3320","jury",1
"3321","jvc",1
"3322","kansas",1
"3323","karan",1
"3324","karma",1
"3325","karriem",1
"3326","kat",1
"3327","kate",1
"3328","katrina",1
"3329","kauflin",1
"3330","kee",1
"3331","keilwerth",1
"3332","kelis",1
"3333","kelly",1
"3334","kenneth",1
"3335","kernfeld",1
"3336","keyboards",1
"3337","keys",1
"3338","keystone",1
"3339","khan",1
"3340","kikoski",1
"3341","killed",1
"3342","killers",1
"3343","kin",1
"3344","kirby",1
"3345","kirkland",1
"3346","klein",1
"3347","kneebody",1
"3348","knight",1
"3349","knight's",1
"3350","knowles",1
"3351","komposition",1
"3352","kontrabass",1
"3353","koor",1
"3354","koto",1
"3355","krauss",1
"3356","kravitz's",1
"3357","kris",1
"3358","kristofferson",1
"3359","kronos",1
"3360","kwiatkowski",1
"3361","l'ouverture",1
"3362","la",1
"3363","labeled",1
"3364","labelle",1
"3365","lacked",1
"3366","lady",1
"3367","laid",1
"3368","lalah",1
"3369","lalo",1
"3370","lambert",1
"3371","land",1
"3372","lane",1
"3373","langdon",1
"3374","language",1
"3375","laroo",1
"3376","lasted",1
"3377","lasting",1
"3378","laswell",1
"3379","latter's",1
"3380","lauded",1
"3381","laundry",1
"3382","laurel",1
"3383","laurence",1
"3384","lauryn",1
"3385","law",1
"3386","lawrence",1
"3387","lawyer",1
"3388","lawyers",1
"3389","lay",1
"3390","layers",1
"3391","layla",1
"3392","lea",1
"3393","leaders",1
"3394","learned",1
"3395","learson",1
"3396","lectured",1
"3397","lecturer",1
"3398","ledisi",1
"3399","lefonque",1
"3400","lefty",1
"3401","legitimate",1
"3402","lenny",1
"3403","lenwood",1
"3404","leonardo",1
"3405","leoni",1
"3406","leroy",1
"3407","les",1
"3408","lesane",1
"3409","lesh",1
"3410","lesson",1
"3411","letters",1
"3412","lettres",1
"3413","leukocytes",1
"3414","levels",1
"3415","levin",1
"3416","liberal",1
"3417","liberate",1
"3418","liberating",1
"3419","liberation",1
"3420","liberty",1
"3421","library",1
"3422","library's",1
"3423","lid",1
"3424","lie",1
"3425","lies",1
"3426","lifelong",1
"3427","ligel",1
"3428","light",1
"3429","lighting",1
"3430","likes",1
"3431","likewise",1
"3432","lillie",1
"3433","lim",1
"3434","limits",1
"3435","linear",1
"3436","liner",1
"3437","lips",1
"3438","listed",1
"3439","listen",1
"3440","listened",1
"3441","literary",1
"3442","literature",1
"3443","lithe",1
"3444","lively",1
"3445","lizzy",1
"3446","lloyd's",1
"3447","ln",1
"3448","locke",1
"3449","lockjaw",1
"3450","locomotion",1
"3451","locusts",1
"3452","logo",1
"3453","lonesome",1
"3454","longing",1
"3455","lonnie",1
"3456","loog",1
"3457","louder",1
"3458","lounge",1
"3459","lovano's",1
"3460","loved",1
"3461","lovella",1
"3462","loyola",1
"3463","lp",1
"3464","lp1",1
"3465","lpine",1
"3466","lps",1
"3467","luck",1
"3468","luis",1
"3469","luke",1
"3470","lumberjack",1
"3471","lunas",1
"3472","lunch",1
"3473","luther",1
"3474","lynn",1
"3475","lynott",1
"3476","lyons",1
"3477","lyric",1
"3478","lyrical",1
"3479","lyrically",1
"3480","lyricist",1
"3481","maceo",1
"3482","mack",1
"3483","madukey",1
"3484","mae",1
"3485","magazines",1
"3486","magic",1
"3487","magos",1
"3488","maharaja",1
"3489","maiden",1
"3490","maintained",1
"3491","majesties",1
"3492","majority",1
"3493","makaveli",1
"3494","makers",1
"3495","makoto",1
"3496","maksimovich",1
"3497","mami",1
"3498","managed",1
"3499","manager",1
"3500","manchester",1
"3501","mancini",1
"3502","mann",1
"3503","mansfield",1
"3504","mantilla",1
"3505","manuscript",1
"3506","marciac",1
"3507","mardi",1
"3508","maria",1
"3509","maricle's",1
"3510","marimba",1
"3511","marion",1
"3512","mark",1
"3513","market",1
"3514","markowitz",1
"3515","markus",1
"3516","marlena",1
"3517","marley",1
"3518","marley's",1
"3519","maroon",1
"3520","married",1
"3521","marthaniel",1
"3522","martino",1
"3523","marty",1
"3524","mary's",1
"3525","masaaki",1
"3526","mass",1
"3527","master's",1
"3528","mastery",1
"3529","matter",1
"3530","matthew",1
"3531","matured",1
"3532","maturity",1
"3533","maurice's",1
"3534","mavis",1
"3535","maxwell",1
"3536","maybelle",1
"3537","mayer's",1
"3538","mayfield",1
"3539","maze",1
"3540","mazzini",1
"3541","mccartney",1
"3542","mccomb",1
"3543","mcduff",1
"3544","mckinley",1
"3545","mclaughlin",1
"3546","mclaughlin's",1
"3547","mclean's",1
"3548","mcrae",1
"3549","meaningfully",1
"3550","measured",1
"3551","medeski",1
"3552","medicine",1
"3553","meditative",1
"3554","medium",1
"3555","meets",1
"3556","mehldau",1
"3557","mel",1
"3558","melbourne",1
"3559","melded",1
"3560","mellow",1
"3561","melodian",1
"3562","melody",1
"3563","memorable",1
"3564","memories",1
"3565","mention",1
"3566","mentoring",1
"3567","mercury",1
"3568","mesmerizing",1
"3569","messenger",1
"3570","messiah",1
"3571","messing",1
"3572","metabolic",1
"3573","metabolism",1
"3574","metaphor",1
"3575","metatonality",1
"3576","method",1
"3577","metropolitan",1
"3578","mexican",1
"3579","mexico",1
"3580","mi",1
"3581","michel",1
"3582","mickey",1
"3583","microscopically",1
"3584","middleweight",1
"3585","mike",1
"3586","milestones",1
"3587","militant",1
"3588","millennium",1
"3589","millions",1
"3590","mime",1
"3591","mina",1
"3592","mineral",1
"3593","miniatures",1
"3594","minister",1
"3595","miroshnichenko",1
"3596","miss",1
"3597","mission",1
"3598","missouri",1
"3599","mister",1
"3600","mixed",1
"3601","mixing",1
"3602","mizz",1
"3603","moanin",1
"3604","model",1
"3605","moe",1
"3606","moffett",1
"3607","molecular",1
"3608","molecules",1
"3609","molester",1
"3610","monet",1
"3611","money",1
"3612","moniker",1
"3613","monk's",1
"3614","monterey",1
"3615","month",1
"3616","moody",1
"3617","moog",1
"3618","moran",1
"3619","moreira",1
"3620","moreton",1
"3621","morgan's",1
"3622","morning",1
"3623","morrison's",1
"3624","mosaic",1
"3625","motian",1
"3626","motivated",1
"3627","motorcycle",1
"3628","motown's",1
"3629","mount",1
"3630","mountain",1
"3631","mousey",1
"3632","movements",1
"3633","moyet",1
"3634","mraz",1
"3635","mtume",1
"3636","mu",1
"3637","muddy",1
"3638","mujer",1
"3639","mule",1
"3640","mulgrew",1
"3641","multimillion",1
"3642","multiphonic",1
"3643","multiplatinum",1
"3644","murdered",1
"3645","murray",1
"3646","muse",1
"3647","musica",1
"3648","musicals",1
"3649","musicianship",1
"3650","musicologist",1
"3651","musketeers",1
"3652","mutilation",1
"3653","muzik",1
"3654","n.i.g.g.a.z",1
"3655","naacp",1
"3656","nacional",1
"3657","najee",1
"3658","names",1
"3659","nathaniel",1
"3660","nation's",1
"3661","nationally",1
"3662","nativity",1
"3663","natural",1
"3664","naturalized",1
"3665","ncluding",1
"3666","nea",1
"3667","nearby",1
"3668","needle",1
"3669","needn't",1
"3670","nepenthetic",1
"3671","net",1
"3672","netflix",1
"3673","netherlands",1
"3674","newell",1
"3675","newsom",1
"3676","newton",1
"3677","nicholas",1
"3678","nick",1
"3679","nickel",1
"3680","nicknamed",1
"3681","nicknames",1
"3682","nico",1
"3683","nigerian",1
"3684","nighthawks",1
"3685","nights",1
"3686","nihil",1
"3687","nin",1
"3688","ninjazz",1
"3689","nirvana",1
"3690","nitty",1
"3691","nl",1
"3692","nly",1
"3693","nobel",1
"3694","nominee",1
"3695","nominees",1
"3696","nonstandard",1
"3697","noord",1
"3698","norml",1
"3699","norristown",1
"3700","northern",1
"3701","notable",1
"3702","notion",1
"3703","notorious",1
"3704","notre",1
"3705","novellas",1
"3706","novi",1
"3707","novus",1
"3708","npr's",1
"3709","nuance",1
"3710","nutrients",1
"3711","nyu",1
"3712","o'day",1
"3713","o'neal",1
"3714","o.p",1
"3715","obed",1
"3716","obituary",1
"3717","oboe",1
"3718","oc",1
"3719","occasion",1
"3720","occurred",1
"3721","offering",1
"3722","officer",1
"3723","oil",1
"3724","okoshi",1
"3725","oldham",1
"3726","ole",1
"3727","olympic",1
"3728","one's",1
"3729","ongoing",1
"3730","onie",1
"3731","onwards",1
"3732","oom",1
"3733","oont",1
"3734","opa",1
"3735","operation",1
"3736","opinion",1
"3737","opposed",1
"3738","opry",1
"3739","orchestra's",1
"3740","orchestras",1
"3741","orchestrations",1
"3742","ordem",1
"3743","ordre",1
"3744","organisation",1
"3745","organization's",1
"3746","origin",1
"3747","originally",1
"3748","orrin",1
"3749","oscillator",1
"3750","osmotic",1
"3751","osterberg",1
"3752","other's",1
"3753","oud",1
"3754","outlaws",1
"3755","outlets",1
"3756","outlined",1
"3757","outrageous",1
"3758","outsold",1
"3759","ovation",1
"3760","overblowing",1
"3761","owed",1
"3762","owned",1
"3763","owns",1
"3764","oxygenated",1
"3765","ozone",1
"3766","p.s",1
"3767","pacaminos",1
"3768","pahk",1
"3769","painting",1
"3770","pair's",1
"3771","palace",1
"3772","palmieri",1
"3773","pamper",1
"3774","pan",1
"3775","pancho",1
"3776","panels",1
"3777","paola",1
"3778","paper",1
"3779","papers",1
"3780","paquito",1
"3781","par",1
"3782","paradise",1
"3783","paralyzed",1
"3784","parasites",1
"3785","parents",1
"3786","parish",1
"3787","parisienne",1
"3788","park",1
"3789","parker's",1
"3790","parlez",1
"3791","parliament",1
"3792","parsons",1
"3793","partially",1
"3794","participant",1
"3795","participated",1
"3796","partner",1
"3797","passenger",1
"3798","passion",1
"3799","past",1
"3800","paste",1
"3801","pastels",1
"3802","paterson",1
"3803","patitucci",1
"3804","patriarch",1
"3805","patrice",1
"3806","patrick",1
"3807","pattern",1
"3808","patti",1
"3809","pawnbroker",1
"3810","paying",1
"3811","payton",1
"3812","peabody",1
"3813","pedals",1
"3814","pedro",1
"3815","peers",1
"3816","peg",1
"3817","pending",1
"3818","pentecostal",1
"3819","percussive",1
"3820","percy",1
"3821","perdomo",1
"3822","periodic",1
"3823","periods",1
"3824","permanent",1
"3825","perpetual",1
"3826","person",1
"3827","persona",1
"3828","personality",1
"3829","personally",1
"3830","personnel",1
"3831","perspectives",1
"3832","petersburg",1
"3833","peterson's",1
"3834","petrucciani",1
"3835","pfieffer",1
"3836","phase",1
"3837","phases",1
"3838","phife",1
"3839","philosophical",1
"3840","philosophy",1
"3841","phoebe",1
"3842","photographed",1
"3843","photos",1
"3844","phrase",1
"3845","phraseology",1
"3846","physical",1
"3847","piccolo",1
"3848","picked",1
"3849","picking",1
"3850","pictures",1
"3851","pierson",1
"3852","pigeonhole",1
"3853","pilot",1
"3854","pinecone",1
"3855","pink",1
"3856","pioneering",1
"3857","pistols",1
"3858","pivotal",1
"3859","pizzati",1
"3860","plagued",1
"3861","plane",1
"3862","planned",1
"3863","plantation",1
"3864","plants",1
"3865","plated",1
"3866","playboy",1
"3867","pleasure",1
"3868","plunger",1
"3869","pneumonia",1
"3870","poem",1
"3871","pointer",1
"3872","politically",1
"3873","polka",1
"3874","polytechnic",1
"3875","pomeranian",1
"3876","pontiac",1
"3877","poor",1
"3878","pops",1
"3879","popularizer",1
"3880","popularly",1
"3881","portraying",1
"3882","portuguese",1
"3883","possibly",1
"3884","posthumous",1
"3885","posthumously",1
"3886","posting",1
"3887","potential",1
"3888","potter",1
"3889","pouched",1
"3890","practice",1
"3891","preacher",1
"3892","precocious",1
"3893","predecessor",1
"3894","predetermined",1
"3895","predicted",1
"3896","presence",1
"3897","president",1
"3898","pressure",1
"3899","prestige",1
"3900","prestini",1
"3901","preston",1
"3902","preview",1
"3903","price's",1
"3904","prime",1
"3905","primitive",1
"3906","principal",1
"3907","principles",1
"3908","prine",1
"3909","printmaking",1
"3910","private",1
"3911","privately",1
"3912","prix",1
"3913","prizes",1
"3914","produce",1
"3915","producers",1
"3916","productions",1
"3917","productive",1
"3918","products",1
"3919","proefrock",1
"3920","profit",1
"3921","profits",1
"3922","profound",1
"3923","progressed",1
"3924","progressive",1
"3925","projects",1
"3926","prolonged",1
"3927","proponent",1
"3928","prot",1
"3929","proteins",1
"3930","proto",1
"3931","proved",1
"3932","prussian",1
"3933","publications",1
"3934","pull",1
"3935","pumping",1
"3936","puppy",1
"3937","purist",1
"3938","pursue",1
"3939","pursuits",1
"3940","quebec",1
"3941","queen",1
"3942","quentin",1
"3943","question",1
"3944","quickly",1
"3945","r.h",1
"3946","radical",1
"3947","radio's",1
"3948","radovan",1
"3949","ragtime",1
"3950","rain",1
"3951","rain's",1
"3952","ramapolo",1
"3953","ramsey",1
"3954","randall",1
"3955","raney",1
"3956","ranged",1
"3957","rappers",1
"3958","rated",1
"3959","rating",1
"3960","ratliff",1
"3961","rattlesnakes",1
"3962","raymond",1
"3963","rbcs",1
"3964","rca",1
"3965","reaction",1
"3966","reader's",1
"3967","real",1
"3968","reality",1
"3969","realized",1
"3970","rearranged",1
"3971","reason",1
"3972","rebellious",1
"3973","receive",1
"3974","recently",1
"3975","recognisable",1
"3976","recreated",1
"3977","recruited",1
"3978","redcliffe",1
"3979","redefine",1
"3980","redemption",1
"3981","reel",1
"3982","referring",1
"3983","refers",1
"3984","refining",1
"3985","reform",1
"3986","reformed",1
"3987","reggie",1
"3988","regina",1
"3989","region",1
"3990","register",1
"3991","regularly",1
"3992","regulate",1
"3993","reid",1
"3994","reign",1
"3995","reinhardt",1
"3996","reis",1
"3997","rejoined",1
"3998","rejoining",1
"3999","relating",1
"4000","religious",1
"4001","relocating",1
"4002","relying",1
"4003","remain",1
"4004","remarked",1
"4005","remarks",1
"4006","remember",1
"4007","ren",1
"4008","rensselaer",1
"4009","replacing",1
"4010","report",1
"4011","reprised",1
"4012","request",1
"4013","reshaped",1
"4014","resist",1
"4015","responses",1
"4016","rest",1
"4017","restrictions",1
"4018","resurgence",1
"4019","retro",1
"4020","retrospectively",1
"4021","reunited",1
"4022","revenue",1
"4023","revered",1
"4024","reversibly",1
"4025","reviewer",1
"4026","revisited",1
"4027","revisitings",1
"4028","revival",1
"4029","revolutionary",1
"4030","revolutionized",1
"4031","revolutionizing",1
"4032","rhumba",1
"4033","rhythms",1
"4034","rica",1
"4035","richest",1
"4036","richie",1
"4037","richmond",1
"4038","rick",1
"4039","rickey",1
"4040","ries",1
"4041","riffing",1
"4042","riggins",1
"4043","righteously",1
"4044","rights",1
"4045","rimmed",1
"4046","rio",1
"4047","riot",1
"4048","rippling",1
"4049","rise",1
"4050","rival",1
"4051","rivalry",1
"4052","robin's",1
"4053","rockers",1
"4054","rockit",1
"4055","rod",1
"4056","rogat",1
"4057","roject",1
"4058","rollin",1
"4059","rollins's",1
"4060","roman",1
"4061","ronald",1
"4062","ronnie",1
"4063","roosevelt",1
"4064","rooted",1
"4065","rosenthal",1
"4066","roses",1
"4067","rosewood",1
"4068","roster",1
"4069","rough",1
"4070","rowdy",1
"4071","royalties",1
"4072","rpa",1
"4073","rpm",1
"4074","ruckert",1
"4075","rudolph",1
"4076","rule",1
"4077","rumble",1
"4078","runk",1
"4079","runner",1
"4080","rural",1
"4081","rush",1
"4082","rushen",1
"4083","rushing",1
"4084","russia",1
"4085","ruth",1
"4086","sacred",1
"4087","sacrilege",1
"4088","sadie",1
"4089","saloon",1
"4090","sample",1
"4091","sampler",1
"4092","sanctuary",1
"4093","sandoval's",1
"4094","sandra",1
"4095","sandu",1
"4096","santana",1
"4097","saratoga",1
"4098","saskia",1
"4099","sat",1
"4100","satanic",1
"4101","satisfaction",1
"4102","save",1
"4103","savoy",1
"4104","saxof",1
"4105","saxuality",1
"4106","scale",1
"4107","scaled",1
"4108","scat",1
"4109","scatting",1
"4110","scene",1
"4111","scene's",1
"4112","scheduled",1
"4113","schifrin's",1
"4114","scholar",1
"4115","scholarships",1
"4116","schuller",1
"4117","sco",1
"4118","score",1
"4119","scored",1
"4120","scoring",1
"4121","scorpion",1
"4122","scotch",1
"4123","scottish",1
"4124","scotty",1
"4125","screens",1
"4126","sculpture",1
"4127","seamon's",1
"4128","sean",1
"4129","secondary",1
"4130","sections",1
"4131","seed",1
"4132","seized",1
"4133","seminal",1
"4134","separately",1
"4135","sequel",1
"4136","serendipitous",1
"4137","serial",1
"4138","service",1
"4139","sesame",1
"4140","settled",1
"4141","seventh",1
"4142","severely",1
"4143","severinsen",1
"4144","sextet",1
"4145","sexual",1
"4146","sh",1
"4147","shaggy",1
"4148","shanai",1
"4149","shannon",1
"4150","shapes",1
"4151","sharon",1
"4152","sheets",1
"4153","shelter",1
"4154","sheriff",1
"4155","sherrie",1
"4156","shifts",1
"4157","shimmering",1
"4158","shofar",1
"4159","shorter's",1
"4160","shortlist",1
"4161","showcase",1
"4162","showmanship",1
"4163","showtime",1
"4164","shuffle",1
"4165","shut",1
"4166","si",1
"4167","sided",1
"4168","sidemen",1
"4169","siempre",1
"4170","sign",1
"4171","silences",1
"4172","silent",1
"4173","similar",1
"4174","simple",1
"4175","simply",1
"4176","singer's",1
"4177","singing",1
"4178","sioux",1
"4179","siouxsie",1
"4180","siri",1
"4181","sister",1
"4182","sisters",1
"4183","sitcom",1
"4184","site",1
"4185","sixties",1
"4186","sizes",1
"4187","sketches",1
"4188","skidmore",1
"4189","skiffle",1
"4190","sky",1
"4191","skyline",1
"4192","skyliner",1
"4193","slam",1
"4194","slavery",1
"4195","slide",1
"4196","slightly",1
"4197","slip",1
"4198","slips",1
"4199","slow",1
"4200","slowhand",1
"4201","slugs",1
"4202","slum",1
"4203","smiles",1
"4204","smiths",1
"4205","snarky",1
"4206","sneakin",1
"4207","snoop",1
"4208","sob",1
"4209","socially",1
"4210","societal",1
"4211","soda",1
"4212","soft",1
"4213","sokal",1
"4214","solange",1
"4215","soloing",1
"4216","solomon",1
"4217","solubility",1
"4218","somebody's",1
"4219","someday",1
"4220","sonning",1
"4221","sons",1
"4222","sony",1
"4223","sophisticated",1
"4224","sopranino",1
"4225","soulquarians",1
"4226","sounding",1
"4227","soup",1
"4228","southland",1
"4229","southwest",1
"4230","soweto",1
"4231","space",1
"4232","spanky",1
"4233","spans",1
"4234","spark",1
"4235","speaker",1
"4236","specialized",1
"4237","specifically",1
"4238","specks",1
"4239","spectacles",1
"4240","speed",1
"4241","speight",1
"4242","spelled",1
"4243","spells",1
"4244","spending",1
"4245","spheres",1
"4246","spi",1
"4247","spicks",1
"4248","spiral",1
"4249","spirit",1
"4250","spiritualism",1
"4251","spokesman",1
"4252","sporadic",1
"4253","sporty",1
"4254","springs",1
"4255","squares",1
"4256","sr",1
"4257","stable",1
"4258","staccato",1
"4259","stacia",1
"4260","stafford",1
"4261","staged",1
"4262","stance",1
"4263","staples",1
"4264","stardust",1
"4265","start",1
"4266","stated",1
"4267","statements",1
"4268","stature",1
"4269","steady",1
"4270","steel",1
"4271","stefon",1
"4272","stephane",1
"4273","stephens's",1
"4274","stephon",1
"4275","stepping",1
"4276","steps",1
"4277","stern",1
"4278","stevland",1
"4279","stic.man",1
"4280","sticking",1
"4281","sticky",1
"4282","stigwood",1
"4283","stoker",1
"4284","stolen",1
"4285","stompin",1
"4286","storfer",1
"4287","stories",1
"4288","straits",1
"4289","strayhorn's",1
"4290","stream",1
"4291","streetband",1
"4292","stressing",1
"4293","strick",1
"4294","striker",1
"4295","strikingly",1
"4296","strong",1
"4297","struggles",1
"4298","strut",1
"4299","stud",1
"4300","students",1
"4301","stuff",1
"4302","stuttering",1
"4303","stuyvesant",1
"4304","styled",1
"4305","stylists",1
"4306","subgenre",1
"4307","subject",1
"4308","substance",1
"4309","substances",1
"4310","subway",1
"4311","succeeding",1
"4312","sudden",1
"4313","suffering",1
"4314","suffice",1
"4315","sugarland",1
"4316","suge",1
"4317","suicide",1
"4318","suite",1
"4319","suites",1
"4320","suits",1
"4321","sullivan",1
"4322","sumner",1
"4323","suncorp",1
"4324","sunday",1
"4325","sung",1
"4326","sunglasses",1
"4327","sunnyside",1
"4328","sunset",1
"4329","suny",1
"4330","superstar",1
"4331","superstition",1
"4332","supplying",1
"4333","support",1
"4334","supported",1
"4335","supports",1
"4336","supremes",1
"4337","survived",1
"4338","suspect",1
"4339","suspended",1
"4340","suspicions",1
"4341","sweat",1
"4342","sweet",1
"4343","sweets",1
"4344","swift",1
"4345","swinging",1
"4346","switching",1
"4347","sx90",1
"4348","sx90r",1
"4349","sydney",1
"4350","symbols",1
"4351","sympathy",1
"4352","syndicated",1
"4353","synonymous",1
"4354","synthesis",1
"4355","synthesiser",1
"4356","tag",1
"4357","tail",1
"4358","takes",1
"4359","tale",1
"4360","talents",1
"4361","tales",1
"4362","talking",1
"4363","tamla",1
"4364","tania",1
"4365","tapped",1
"4366","tarantino",1
"4367","tariska",1
"4368","taste",1
"4369","tattoo",1
"4370","tavares",1
"4371","tawhid",1
"4372","tebar",1
"4373","tec",1
"4374","technique",1
"4375","techniques",1
"4376","teen",1
"4377","teenager",1
"4378","teens",1
"4379","teeth",1
"4380","tejada",1
"4381","temperley",1
"4382","temporarily",1
"4383","tempos",1
"4384","tended",1
"4385","tender",1
"4386","tens",1
"4387","tenures",1
"4388","terell",1
"4389","term",1
"4390","terrasson",1
"4391","tertiary",1
"4392","theater",1
"4393","theatrical",1
"4394","theatrics",1
"4395","thelma",1
"4396","thematic",1
"4397","thematically",1
"4398","themed",1
"4399","theophilus",1
"4400","thick",1
"4401","thin",1
"4402","thirteen",1
"4403","thousand",1
"4404","threads",1
"4405","thrombocytes",1
"4406","thurman",1
"4407","thx",1
"4408","tiger",1
"4409","tight",1
"4410","tigran",1
"4411","til",1
"4412","tillmon",1
"4413","timekeeping",1
"4414","timeless",1
"4415","tinge",1
"4416","tinged",1
"4417","tips",1
"4418","tirelessly",1
"4419","tissue",1
"4420","tizol's",1
"4421","tlc",1
"4422","told",1
"4423","tomorrow",1
"4424","tompall",1
"4425","tonal",1
"4426","tongue",1
"4427","tonk",1
"4428","tonks",1
"4429","toots",1
"4430","topham",1
"4431","topped",1
"4432","touched",1
"4433","touching",1
"4434","tower",1
"4435","tracheal",1
"4436","traditionally",1
"4437","traditions",1
"4438","tragedies",1
"4439","trane",1
"4440","transfer",1
"4441","transition",1
"4442","transitioning",1
"4443","transport",1
"4444","transportation",1
"4445","transports",1
"4446","traveled",1
"4447","travolta",1
"4448","tremolo",1
"4449","trent",1
"4450","triadic",1
"4451","tribute",1
"4452","trio's",1
"4453","trios",1
"4454","triple",1
"4455","triumph",1
"4456","trolls",1
"4457","trombone",1
"4458","trombonists",1
"4459","troy",1
"4460","trustees",1
"4461","tu",1
"4462","tubeway",1
"4463","tudors",1
"4464","tuesday",1
"4465","tumbling",1
"4466","tune",1
"4467","tunes",1
"4468","turner",1
"4469","tutu",1
"4470","twentieth",1
"4471","twenty",1
"4472","twin",1
"4473","type",1
"4474","types",1
"4475","uk's",1
"4476","ukrainian",1
"4477","ultimately",1
"4478","umbrella",1
"4479","ummah",1
"4480","un's",1
"4481","uncomfortable",1
"4482","unconventional",1
"4483","undercover",1
"4484","undervalued",1
"4485","unheard",1
"4486","union",1
"4487","uniquely",1
"4488","unit",1
"4489","unite",1
"4490","unknown",1
"4491","unmistakable",1
"4492","unorthodox",1
"4493","unparalleled",1
"4494","unplugged",1
"4495","unpredictable",1
"4496","unreceptive",1
"4497","unshaken",1
"4498","unsuccessful",1
"4499","unsung",1
"4500","untitled",1
"4501","upcoming",1
"4502","uptown",1
"4503","urging",1
"4504","usage",1
"4505","utilizing",1
"4506","valencia",1
"4507","valuable",1
"4508","values",1
"4509","valve",1
"4510","vandoren",1
"4511","vanessa",1
"4512","vanguard",1
"4513","varady",1
"4514","variations",1
"4515","varying",1
"4516","vast",1
"4517","ve",1
"4518","veal",1
"4519","vegetable",1
"4520","venous",1
"4521","venue",1
"4522","veronica",1
"4523","versatility",1
"4524","versions",1
"4525","vessels",1
"4526","vi",1
"4527","vibraphone",1
"4528","vibraphone's",1
"4529","victims",1
"4530","view",1
"4531","vince",1
"4532","vincent",1
"4533","violins",1
"4534","viols",1
"4535","virgil",1
"4536","virginia",1
"4537","virtual",1
"4538","virtually",1
"4539","virtuosic",1
"4540","visconti",1
"4541","vogue",1
"4542","volatile",1
"4543","volume",1
"4544","voted",1
"4545","waiting",1
"4546","walden",1
"4547","walked",1
"4548","walkways",1
"4549","wall",1
"4550","walls",1
"4551","walter",1
"4552","wanna",1
"4553","ward",1
"4554","warhol",1
"4555","warmdaddy",1
"4556","watching",1
"4557","watermelon",1
"4558","waters",1
"4559","watkins",1
"4560","watrous",1
"4561","wbcs",1
"4562","weak",1
"4563","wealthiest",1
"4564","wean",1
"4565","weather",1
"4566","webb",1
"4567","weekly",1
"4568","wembley",1
"4569","wendel",1
"4570","werner",1
"4571","wessell",1
"4572","weston",1
"4573","wheels",1
"4574","whisper",1
"4575","who'll",1
"4576","wiggins",1
"4577","wilber",1
"4578","wilcock",1
"4579","windows",1
"4580","winelight",1
"4581","winwood",1
"4582","wit",1
"4583","witch",1
"4584","witchy",1
"4585","withdrawal",1
"4586","withdrawing",1
"4587","withdrew",1
"4588","withers",1
"4589","wonderland",1
"4590","woodrow",1
"4591","woods",1
"4592","woodwind",1
"4593","woogie",1
"4594","word",1
"4595","workman",1
"4596","workshops",1
"4597","worldbeat",1
"4598","worthless",1
"4599","wright",1
"4600","wright's",1
"4601","writings",1
"4602","wyman",1
"4603","wyman's",1
"4604","wynn",1
"4605","ximo",1
"4606","xmas",1
"4607","xun",1
"4608","ya",1
"4609","yacub",1
"4610","yal",1
"4611","yellow",1
"4612","yellowjackets",1
"4613","yielding",1
"4614","youthful",1
"4615","yuasa",1
"4616","zach",1
"4617","zawinul",1
"4618","zeigler",1
"4619","zellweger",1
"4620","zevon",1
"4621","zimmerman",1
"4622","ɡ",1
"4623","i",1
"4624","α",1
"4625","θ",1
"4626","в",1
"4627","е",1
"4628","أ",1
"4629","إ",1
"4630","ع",1
"4631","",1
"4632","",1
"4633","",1
"4634","è",1
"4635","ï",1
"4636","ö",1
